Timestamp,State,LoadType,TargetV,CellV,Current_mA,Charge_mAh,Discharge_mAh
3.0375800132751465,WAIT_LOAD,NONE,0.0,-0.004,-0.104,0.0,0.0
3.3139357566833496,WAIT_LOAD,NONE,0.0,-0.004,-0.042,0.0,0.0
3.6022305488586426,WAIT_LOAD,NONE,0.0,-0.009,-0.013,0.0,0.0
3.879359483718872,WAIT_LOAD,NONE,0.0,-0.004,-0.072,0.0,0.0
4.16765832901001,WAIT_LOAD,NONE,0.0,-0.009,-0.046,0.0,0.0
4.45276951789856,WAIT_LOAD,NONE,0.0,-0.007,-0.042,0.0,0.0
4.737751245498657,WAIT_LOAD,NONE,0.0,-0.007,-0.024,0.0,0.0
5.02068567276001,WAIT_LOAD,NONE,0.0,-0.007,-0.053,0.0,0.0
5.303792715072632,WAIT_LOAD,NONE,0.0,-0.011,-0.006,0.0,0.0
5.587224721908569,WAIT_LOAD,NONE,0.0,-0.004,-0.068,0.0,0.0
5.870235919952393,WAIT_LOAD,NONE,0.0,-0.007,-0.053,0.0,0.0
6.156295537948608,WAIT_LOAD,NONE,0.0,-0.006,-0.057,0.0,0.0
6.438724517822266,WAIT_LOAD,NONE,0.0,-0.001,-0.079,0.0,0.0
6.722733974456787,WAIT_LOAD,NONE,0.0,-0.004,-0.053,0.0,0.0
6.999812126159668,WAIT_LOAD,NONE,0.0,-0.004,-0.108,0.0,0.0
7.285089492797852,WAIT_LOAD,NONE,0.0,-0.003,-0.079,0.0,0.0
7.569692373275757,WAIT_LOAD,NONE,0.0,-0.006,-0.079,0.0,0.0
7.856210708618164,WAIT_LOAD,NONE,0.0,-0.007,-0.031,0.0,0.0
8.138323545455933,WAIT_LOAD,NONE,0.0,-0.009,-0.009,0.0,0.0
8.422439575195312,WAIT_LOAD,NONE,0.0,-0.009,-0.039,0.0,0.0
8.702505826950073,WAIT_LOAD,NONE,0.0,-0.005,-0.046,0.0,0.0
8.986765146255493,WAIT_LOAD,NONE,0.0,-0.002,-0.086,0.0,0.0
9.273349046707153,WAIT_LOAD,NONE,0.0,-0.008,-0.039,0.0,0.0
9.555565118789673,WAIT_LOAD,NONE,0.0,-0.006,-0.05,0.0,0.0
9.833439588546753,WAIT_LOAD,NONE,0.0,-0.009,-0.061,0.0,0.0
10.12088918685913,WAIT_LOAD,NONE,0.0,-0.009,-0.057,0.0,0.0
10.402942895889282,WAIT_LOAD,NONE,0.0,-0.007,-0.053,0.0,0.0
10.68787956237793,WAIT_LOAD,NONE,0.0,-0.008,-0.039,0.0,0.0
10.972234964370728,WAIT_LOAD,NONE,0.0,-0.009,-0.05,0.0,0.0
11.254271745681763,WAIT_LOAD,NONE,0.0,-0.009,-0.035,0.0,0.0
11.538781642913818,WAIT_LOAD,NONE,0.0,-0.006,-0.079,0.0,0.0
11.816769123077393,WAIT_LOAD,NONE,0.0,-0.006,-0.097,0.0,0.0
12.10349416732788,WAIT_LOAD,NONE,0.0,-0.002,-0.097,0.0,0.0
12.382083892822266,WAIT_LOAD,NONE,0.0,-0.009,-0.05,0.0,0.0
12.672038555145264,WAIT_LOAD,NONE,0.0,-0.011,-0.046,0.0,0.0
12.95268726348877,WAIT_LOAD,NONE,0.0,-0.011,-0.009,0.0,0.0
13.237847089767456,WAIT_LOAD,NONE,0.0,-0.005,-0.104,0.0,0.0
13.522411346435547,WAIT_LOAD,NONE,0.0,-0.009,-0.028,0.0,0.0
13.80226731300354,WAIT_LOAD,NONE,0.0,-0.009,-0.002,0.0,0.0
14.085536003112793,WAIT_LOAD,NONE,0.0,-0.001,-0.115,0.0,0.0
14.370337009429932,WAIT_LOAD,NONE,0.0,-0.006,-0.097,0.0,0.0
14.65403938293457,WAIT_LOAD,NONE,0.0,-0.004,-0.097,0.0,0.0
14.930523157119751,WAIT_LOAD,NONE,0.0,-0.008,-0.057,0.0,0.0
15.22236943244934,WAIT_LOAD,NONE,0.0,-0.006,-0.053,0.0,0.0
15.50271201133728,WAIT_LOAD,NONE,0.0,-0.011,0.005,0.0,0.0
15.789336681365967,WAIT_LOAD,NONE,0.0,-0.006,-0.072,0.0,0.0
16.072270393371582,WAIT_LOAD,NONE,0.0,-0.009,-0.035,0.0,0.0
16.354463815689087,WAIT_LOAD,NONE,0.0,-0.004,-0.101,0.0,0.0
16.637842178344727,WAIT_LOAD,NONE,0.0,-0.002,-0.09,0.0,0.0
16.91970705986023,WAIT_LOAD,NONE,0.0,-0.01,-0.024,0.0,0.0
17.198304414749146,WAIT_LOAD,NONE,0.0,-0.006,-0.09,0.0,0.0
17.487492561340332,WAIT_LOAD,NONE,0.0,-0.009,-0.035,0.0,0.0
17.77217936515808,WAIT_LOAD,NONE,0.0,-0.008,-0.068,0.0,0.0
18.054237127304077,WAIT_LOAD,NONE,0.0,-0.011,-0.024,0.0,0.0
18.33209252357483,WAIT_LOAD,NONE,0.0,-0.005,-0.101,0.0,0.0
18.618924617767334,WAIT_LOAD,NONE,0.0,-0.007,-0.068,0.0,0.0
18.901345014572144,WAIT_LOAD,NONE,0.0,-0.011,-0.017,0.0,0.0
19.18864941596985,WAIT_LOAD,NONE,0.0,-0.003,-0.104,0.0,0.0
19.472399950027466,WAIT_LOAD,NONE,0.0,-0.005,-0.079,0.0,0.0
19.753713846206665,WAIT_LOAD,NONE,0.0,-0.007,-0.072,0.0,0.0
20.038559675216675,WAIT_LOAD,NONE,0.0,-0.012,-0.013,0.0,0.0
20.323392868041992,WAIT_LOAD,NONE,0.0,-0.011,-0.042,0.0,0.0
20.605918169021606,WAIT_LOAD,NONE,0.0,-0.006,-0.101,0.0,0.0
20.888339519500732,WAIT_LOAD,NONE,0.0,-0.011,-0.028,0.0,0.0
21.170562505722046,WAIT_LOAD,NONE,0.0,-0.009,-0.05,0.0,0.0
21.45433235168457,WAIT_LOAD,NONE,0.0,-0.011,-0.031,0.0,0.0
21.736270427703857,WAIT_LOAD,NONE,0.0,-0.008,-0.053,0.0,0.0
22.019279956817627,WAIT_LOAD,NONE,0.0,-0.01,-0.057,0.0,0.0
22.30535864830017,WAIT_LOAD,NONE,0.0,-0.004,-0.119,0.0,0.0
22.588151454925537,WAIT_LOAD,NONE,0.0,-0.007,-0.053,0.0,0.0
22.871994018554688,WAIT_LOAD,NONE,0.0,-0.01,-0.053,0.0,0.0
23.14921474456787,WAIT_LOAD,NONE,0.0,-0.011,-0.024,0.0,0.0
23.428166151046753,WAIT_LOAD,NONE,0.0,-0.013,-0.031,0.0,0.0
23.71772003173828,WAIT_LOAD,NONE,0.0,-0.01,-0.064,0.0,0.0
24.005357027053833,WAIT_LOAD,NONE,0.0,-0.012,-0.028,0.0,0.0
24.288044929504395,WAIT_LOAD,NONE,0.0,-0.009,-0.057,0.0,0.0
24.5688259601593,WAIT_LOAD,NONE,0.0,-0.007,-0.086,0.0,0.0
24.853012084960938,WAIT_LOAD,NONE,0.0,-0.007,-0.079,0.0,0.0
25.139448165893555,WAIT_LOAD,NONE,0.0,-0.012,-0.013,0.0,0.0
25.418232202529907,WAIT_LOAD,NONE,0.0,-0.009,-0.097,0.0,0.0
25.7030508518219,WAIT_LOAD,NONE,0.0,-0.007,-0.09,0.0,0.0
25.9805850982666,WAIT_LOAD,NONE,0.0,-0.01,-0.031,0.0,0.0
26.270228147506714,WAIT_LOAD,NONE,0.0,-0.011,-0.075,0.0,0.0
26.54731845855713,WAIT_LOAD,NONE,0.0,-0.011,-0.013,0.0,0.0
26.839301347732544,WAIT_LOAD,NONE,0.0,-0.014,-0.024,0.0,0.0
27.120152235031128,WAIT_LOAD,NONE,0.0,-0.009,-0.086,0.0,0.0
27.404290199279785,WAIT_LOAD,NONE,0.0,-0.004,-0.097,0.0,0.0
27.687389850616455,WAIT_LOAD,NONE,0.0,-0.01,-0.039,0.0,0.0
27.970393180847168,WAIT_LOAD,NONE,0.0,-0.009,-0.079,0.0,0.0
28.25069260597229,WAIT_LOAD,NONE,0.0,-0.012,-0.024,0.0,0.0
28.53723645210266,WAIT_LOAD,NONE,0.0,-0.014,-0.013,0.0,0.0
28.821819305419922,WAIT_LOAD,NONE,0.0,-0.011,-0.072,0.0,0.0
29.100394010543823,WAIT_LOAD,NONE,0.0,-0.011,-0.035,0.0,0.0
29.382319927215576,WAIT_LOAD,NONE,0.0,-0.008,-0.075,0.0,0.0
29.66995644569397,WAIT_LOAD,NONE,0.0,-0.009,-0.079,0.0,0.0
29.95192551612854,WAIT_LOAD,NONE,0.0,-0.012,-0.002,0.0,0.0
30.230220794677734,WAIT_LOAD,NONE,0.0,-0.005,-0.115,0.0,0.0
30.521299362182617,WAIT_LOAD,NONE,0.0,-0.008,-0.079,0.0,0.0
30.802594661712646,WAIT_LOAD,NONE,0.0,-0.014,-0.028,0.0,0.0
31.087658643722534,WAIT_LOAD,NONE,0.0,-0.009,-0.079,0.0,0.0
31.360974073410034,WAIT_LOAD,NONE,0.0,-0.011,-0.046,0.0,0.0
31.655139923095703,WAIT_LOAD,NONE,0.0,-0.01,-0.086,0.0,0.0
31.937891721725464,WAIT_LOAD,NONE,0.0,-0.006,-0.101,0.0,0.0
32.212639570236206,WAIT_LOAD,NONE,0.0,-0.009,-0.053,0.0,0.0
32.49994969367981,WAIT_LOAD,NONE,0.0,-0.01,-0.042,0.0,0.0
32.78734302520752,WAIT_LOAD,NONE,0.0,-0.016,0.027,0.0,0.0
33.06916427612305,WAIT_LOAD,NONE,0.0,-0.01,-0.057,0.0,0.0
33.34980010986328,WAIT_LOAD,NONE,0.0,-0.009,-0.064,0.0,0.0
33.629334926605225,WAIT_LOAD,NONE,0.0,-0.01,-0.068,0.0,0.0
33.92206358909607,WAIT_LOAD,NONE,0.0,-0.011,-0.046,0.0,0.0
34.20494055747986,WAIT_LOAD,NONE,0.0,-0.013,-0.053,0.0,0.0
34.477818727493286,WAIT_LOAD,NONE,0.0,-0.012,-0.05,0.0,0.0
34.77221751213074,WAIT_LOAD,NONE,0.0,-0.011,-0.064,0.0,0.0
35.05526947975159,WAIT_LOAD,NONE,0.0,-0.007,-0.075,0.0,0.0
35.337992668151855,WAIT_LOAD,NONE,0.0,-0.003,-0.119,0.0,0.0
35.6212842464447,WAIT_LOAD,NONE,0.0,-0.012,-0.053,0.0,0.0
35.90183663368225,WAIT_LOAD,NONE,0.0,-0.008,-0.09,0.0,0.0
36.187938928604126,WAIT_LOAD,NONE,0.0,-0.006,-0.093,0.0,0.0
36.47168445587158,WAIT_LOAD,NONE,0.0,-0.009,-0.053,0.0,0.0
36.748204708099365,WAIT_LOAD,NONE,0.0,-0.013,-0.006,0.0,0.0
37.03635215759277,WAIT_LOAD,NONE,0.0,-0.013,-0.053,0.0,0.0
37.3213164806366,WAIT_LOAD,NONE,0.0,-0.007,-0.082,0.0,0.0
37.59561038017273,WAIT_LOAD,NONE,0.0,-0.006,-0.101,0.0,0.0
37.88732933998108,WAIT_LOAD,NONE,0.0,-0.01,-0.072,0.0,0.0
38.1721293926239,WAIT_LOAD,NONE,0.0,-0.011,-0.042,0.0,0.0
38.4512357711792,WAIT_LOAD,NONE,0.0,-0.011,-0.086,0.0,0.0
38.73160123825073,WAIT_LOAD,NONE,0.0,-0.013,-0.031,0.0,0.0
39.020220041275024,WAIT_LOAD,NONE,0.0,-0.011,-0.079,0.0,0.0
39.2998480796814,WAIT_LOAD,NONE,0.0,-0.015,-0.02,0.0,0.0
39.5893919467926,WAIT_LOAD,NONE,0.0,-0.011,-0.072,0.0,0.0
39.87065315246582,WAIT_LOAD,NONE,0.0,-0.014,-0.064,0.0,0.0
40.154311418533325,WAIT_LOAD,NONE,0.0,-0.014,-0.028,0.0,0.0
40.43428683280945,WAIT_LOAD,NONE,0.0,-0.014,-0.028,0.0,0.0
40.72369384765625,WAIT_LOAD,NONE,0.0,-0.009,-0.115,0.0,0.0
41.006617307662964,WAIT_LOAD,NONE,0.0,-0.012,-0.072,0.0,0.0
41.28005123138428,WAIT_LOAD,NONE,0.0,-0.012,-0.057,0.0,0.0
41.57153511047363,WAIT_LOAD,NONE,0.0,-0.008,-0.119,0.0,0.0
41.854230880737305,WAIT_LOAD,NONE,0.0,-0.014,-0.02,0.0,0.0
42.13706612586975,WAIT_LOAD,NONE,0.0,-0.009,-0.072,0.0,0.0
42.42321228981018,WAIT_LOAD,NONE,0.0,-0.01,-0.09,0.0,0.0
42.69962549209595,WAIT_LOAD,NONE,0.0,-0.011,-0.075,0.0,0.0
42.98864269256592,WAIT_LOAD,NONE,0.0,-0.018,0.001,0.0,0.0
43.263169288635254,WAIT_LOAD,NONE,0.0,-0.009,-0.082,0.0,0.0
43.562337160110474,WAIT_TGT,SUPERCAP,0.0,-0.012,-0.061,0.0,0.0
43.84445858001709,WAIT_TGT,SUPERCAP,0.0,-0.012,-0.068,0.0,0.0
44.12737727165222,WAIT_TGT,SUPERCAP,0.0,-0.006,-0.115,0.0,0.0
44.410146713256836,WAIT_TGT,SUPERCAP,0.0,-0.015,-0.017,0.0,0.0
44.696372985839844,IDLE,SUPERCAP,1.0,-0.011,-0.072,0.0,0.0
44.97884154319763,IDLE,SUPERCAP,1.0,-0.018,-0.006,0.0,0.0
45.260987997055054,IDLE,SUPERCAP,1.0,-0.012,-0.075,0.0,0.0
45.548226833343506,CHARGING,SUPERCAP,1.0,-0.001,8.17,0.0006,0.0
45.82914733886719,CHARGING,SUPERCAP,1.0,0.0,8.156,0.0013,0.0
46.110716581344604,CHARGING,SUPERCAP,1.0,0.004,8.192,0.0019,0.0
46.39634323120117,CHARGING,SUPERCAP,1.0,0.006,8.203,0.0026,0.0
46.67651557922363,CHARGING,SUPERCAP,1.0,0.01,8.185,0.0032,0.0
46.9657998085022,CHARGING,SUPERCAP,1.0,0.011,8.203,0.0039,0.0
47.243069887161255,CHARGING,SUPERCAP,1.0,0.014,8.181,0.0045,0.0
47.53618550300598,CHARGING,SUPERCAP,1.0,0.018,8.185,0.0052,0.0
47.82008600234985,CHARGING,SUPERCAP,1.0,0.021,8.177,0.0058,0.0
48.106545209884644,CHARGING,SUPERCAP,1.0,0.021,8.214,0.0065,0.0
48.386759757995605,CHARGING,SUPERCAP,1.0,0.026,8.185,0.0071,0.0
48.66541910171509,CHARGING,SUPERCAP,1.0,0.027,8.207,0.0077,0.0
48.9525511264801,CHARGING,SUPERCAP,1.0,0.032,8.174,0.0084,0.0
49.23840045928955,CHARGING,SUPERCAP,1.0,0.033,8.163,0.009,0.0
49.52144384384155,CHARGING,SUPERCAP,1.0,0.036,8.181,0.0097,0.0
49.801753520965576,CHARGING,SUPERCAP,1.0,0.039,8.185,0.0103,0.0
50.09018421173096,CHARGING,SUPERCAP,1.0,0.041,8.181,0.011,0.0
50.36468696594238,CHARGING,SUPERCAP,1.0,0.043,8.188,0.0116,0.0
50.654836654663086,CHARGING,SUPERCAP,1.0,0.048,8.167,0.0123,0.0
50.938042640686035,CHARGING,SUPERCAP,1.0,0.049,8.199,0.0129,0.0
51.22547650337219,CHARGING,SUPERCAP,1.0,0.051,8.192,0.0136,0.0
51.507848024368286,CHARGING,SUPERCAP,1.0,0.054,8.196,0.0142,0.0
51.7904531955719,CHARGING,SUPERCAP,1.0,0.058,8.159,0.0149,0.0
52.07305097579956,CHARGING,SUPERCAP,1.0,0.059,8.192,0.0155,0.0
52.359694480895996,CHARGING,SUPERCAP,1.0,0.064,8.188,0.0162,0.0
52.64120888710022,CHARGING,SUPERCAP,1.0,0.065,8.167,0.0168,0.0
52.924529790878296,CHARGING,SUPERCAP,1.0,0.069,8.163,0.0175,0.0
53.20815181732178,CHARGING,SUPERCAP,1.0,0.071,8.17,0.0181,0.0
53.48932862281799,CHARGING,SUPERCAP,1.0,0.072,8.181,0.0187,0.0
53.78954339027405,CHARGING,SUPERCAP,1.0,0.076,8.174,0.0194,0.0
54.05991244316101,CHARGING,SUPERCAP,1.0,0.078,8.192,0.02,0.0
54.34210562705994,CHARGING,SUPERCAP,1.0,0.081,8.185,0.0207,0.0
54.62876486778259,CHARGING,SUPERCAP,1.0,0.084,8.177,0.0213,0.0
54.911285400390625,CHARGING,SUPERCAP,1.0,0.087,8.177,0.022,0.0
55.19818735122681,CHARGING,SUPERCAP,1.0,0.089,8.185,0.0226,0.0
55.474220275878906,CHARGING,SUPERCAP,1.0,0.09,8.192,0.0233,0.0
55.76089024543762,CHARGING,SUPERCAP,1.0,0.093,8.174,0.0239,0.0
56.0460729598999,CHARGING,SUPERCAP,1.0,0.096,8.188,0.0246,0.0
56.331958532333374,CHARGING,SUPERCAP,1.0,0.098,8.174,0.0252,0.0
56.608819007873535,CHARGING,SUPERCAP,1.0,0.102,8.174,0.0259,0.0
56.89374876022339,CHARGING,SUPERCAP,1.0,0.104,8.188,0.0265,0.0
57.18208360671997,CHARGING,SUPERCAP,1.0,0.107,8.174,0.0271,0.0
57.46126389503479,CHARGING,SUPERCAP,1.0,0.112,8.148,0.0278,0.0
57.75054311752319,CHARGING,SUPERCAP,1.0,0.113,8.167,0.0284,0.0
58.034626960754395,CHARGING,SUPERCAP,1.0,0.116,8.177,0.0291,0.0
58.31584167480469,CHARGING,SUPERCAP,1.0,0.117,8.192,0.0297,0.0
58.59721899032593,CHARGING,SUPERCAP,1.0,0.121,8.181,0.0304,0.0
58.88176226615906,CHARGING,SUPERCAP,1.0,0.123,8.181,0.031,0.0
59.16780161857605,CHARGING,SUPERCAP,1.0,0.126,8.188,0.0317,0.0
59.451558351516724,CHARGING,SUPERCAP,1.0,0.128,8.196,0.0323,0.0
59.731826066970825,CHARGING,SUPERCAP,1.0,0.132,8.17,0.033,0.0
60.021501302719116,CHARGING,SUPERCAP,1.0,0.134,8.163,0.0336,0.0
60.30611252784729,CHARGING,SUPERCAP,1.0,0.136,8.17,0.0343,0.0
60.588377237319946,CHARGING,SUPERCAP,1.0,0.138,8.21,0.0349,0.0
60.87116551399231,CHARGING,SUPERCAP,1.0,0.141,8.181,0.0356,0.0
61.15418004989624,CHARGING,SUPERCAP,1.0,0.144,8.192,0.0362,0.0
61.43979334831238,CHARGING,SUPERCAP,1.0,0.146,8.199,0.0368,0.0
61.72235059738159,CHARGING,SUPERCAP,1.0,0.151,8.17,0.0375,0.0
62.00137400627136,CHARGING,SUPERCAP,1.0,0.152,8.188,0.0381,0.0
62.29117941856384,CHARGING,SUPERCAP,1.0,0.156,8.181,0.0388,0.0
62.57517123222351,CHARGING,SUPERCAP,1.0,0.158,8.181,0.0394,0.0
62.85842823982239,CHARGING,SUPERCAP,1.0,0.161,8.17,0.0401,0.0
63.13974475860596,CHARGING,SUPERCAP,1.0,0.163,8.174,0.0407,0.0
63.427048444747925,CHARGING,SUPERCAP,1.0,0.165,8.181,0.0414,0.0
63.70884037017822,CHARGING,SUPERCAP,1.0,0.166,8.188,0.042,0.0
63.99173092842102,CHARGING,SUPERCAP,1.0,0.171,8.17,0.0427,0.0
64.27279305458069,CHARGING,SUPERCAP,1.0,0.174,8.192,0.0433,0.0
64.56125545501709,CHARGING,SUPERCAP,1.0,0.176,8.192,0.044,0.0
64.8413610458374,CHARGING,SUPERCAP,1.0,0.179,8.185,0.0446,0.0
65.12695026397705,CHARGING,SUPERCAP,1.0,0.181,8.199,0.0452,0.0
65.4121880531311,CHARGING,SUPERCAP,1.0,0.185,8.156,0.0459,0.0
65.69573044776917,CHARGING,SUPERCAP,1.0,0.185,8.181,0.0465,0.0
65.97884798049927,CHARGING,SUPERCAP,1.0,0.19,8.181,0.0472,0.0
66.26121997833252,CHARGING,SUPERCAP,1.0,0.191,8.192,0.0478,0.0
66.53904271125793,CHARGING,SUPERCAP,1.0,0.195,8.177,0.0485,0.0
66.83067464828491,CHARGING,SUPERCAP,1.0,0.197,8.188,0.0491,0.0
67.11313033103943,CHARGING,SUPERCAP,1.0,0.2,8.174,0.0498,0.0
67.39894247055054,CHARGING,SUPERCAP,1.0,0.201,8.174,0.0504,0.0
67.67858076095581,CHARGING,SUPERCAP,1.0,0.205,8.188,0.0511,0.0
67.96449136734009,CHARGING,SUPERCAP,1.0,0.207,8.174,0.0517,0.0
68.24759411811829,CHARGING,SUPERCAP,1.0,0.21,8.185,0.0524,0.0
68.53219604492188,CHARGING,SUPERCAP,1.0,0.213,8.188,0.053,0.0
68.81619071960449,CHARGING,SUPERCAP,1.0,0.215,8.199,0.0537,0.0
69.10134649276733,CHARGING,SUPERCAP,1.0,0.217,8.174,0.0543,0.0
69.38201475143433,CHARGING,SUPERCAP,1.0,0.22,8.185,0.0549,0.0
69.66805839538574,CHARGING,SUPERCAP,1.0,0.222,8.181,0.0556,0.0
69.95100736618042,CHARGING,SUPERCAP,1.0,0.225,8.177,0.0562,0.0
70.2342689037323,CHARGING,SUPERCAP,1.0,0.228,8.185,0.0569,0.0
70.51614356040955,CHARGING,SUPERCAP,1.0,0.231,8.185,0.0575,0.0
70.7992787361145,CHARGING,SUPERCAP,1.0,0.235,8.177,0.0582,0.0
71.08594536781311,CHARGING,SUPERCAP,1.0,0.235,8.207,0.0588,0.0
71.36810684204102,CHARGING,SUPERCAP,1.0,0.239,8.17,0.0595,0.0
71.65441131591797,CHARGING,SUPERCAP,1.0,0.243,8.181,0.0601,0.0
71.93800115585327,CHARGING,SUPERCAP,1.0,0.245,8.181,0.0608,0.0
72.22178530693054,CHARGING,SUPERCAP,1.0,0.247,8.192,0.0614,0.0
72.50186157226562,CHARGING,SUPERCAP,1.0,0.25,8.17,0.0621,0.0
72.78874468803406,CHARGING,SUPERCAP,1.0,0.252,8.185,0.0627,0.0
73.07163286209106,CHARGING,SUPERCAP,1.0,0.256,8.167,0.0634,0.0
73.35484480857849,CHARGING,SUPERCAP,1.0,0.258,8.163,0.064,0.0
73.64050245285034,CHARGING,SUPERCAP,1.0,0.26,8.199,0.0646,0.0
73.92107915878296,CHARGING,SUPERCAP,1.0,0.264,8.188,0.0653,0.0
74.20715713500977,CHARGING,SUPERCAP,1.0,0.266,8.17,0.0659,0.0
74.49048709869385,CHARGING,SUPERCAP,1.0,0.267,8.188,0.0666,0.0
74.77338719367981,CHARGING,SUPERCAP,1.0,0.27,8.181,0.0672,0.0
75.0554347038269,CHARGING,SUPERCAP,1.0,0.271,8.207,0.0679,0.0
75.34071660041809,CHARGING,SUPERCAP,1.0,0.276,8.188,0.0685,0.0
75.62748837471008,CHARGING,SUPERCAP,1.0,0.279,8.174,0.0692,0.0
75.906822681427,CHARGING,SUPERCAP,1.0,0.281,8.181,0.0698,0.0
76.1925277709961,CHARGING,SUPERCAP,1.0,0.285,8.148,0.0705,0.0
76.47540068626404,CHARGING,SUPERCAP,1.0,0.288,8.163,0.0711,0.0
76.7618134021759,CHARGING,SUPERCAP,1.0,0.29,8.199,0.0718,0.0
77.04526400566101,CHARGING,SUPERCAP,1.0,0.293,8.174,0.0724,0.0
77.32773876190186,CHARGING,SUPERCAP,1.0,0.293,8.188,0.073,0.0
77.60813474655151,CHARGING,SUPERCAP,1.0,0.298,8.163,0.0737,0.0
77.89626860618591,CHARGING,SUPERCAP,1.0,0.298,8.185,0.0743,0.0
78.1792824268341,CHARGING,SUPERCAP,1.0,0.303,8.181,0.075,0.0
78.46194195747375,CHARGING,SUPERCAP,1.0,0.305,8.174,0.0756,0.0
78.74903011322021,CHARGING,SUPERCAP,1.0,0.308,8.174,0.0763,0.0
79.0307252407074,CHARGING,SUPERCAP,1.0,0.311,8.17,0.0769,0.0
79.31022667884827,CHARGING,SUPERCAP,1.0,0.313,8.188,0.0776,0.0
79.59849905967712,CHARGING,SUPERCAP,1.0,0.316,8.177,0.0782,0.0
79.87585735321045,CHARGING,SUPERCAP,1.0,0.318,8.188,0.0789,0.0
80.16677570343018,CHARGING,SUPERCAP,1.0,0.321,8.181,0.0795,0.0
80.44820666313171,CHARGING,SUPERCAP,1.0,0.322,8.207,0.0802,0.0
80.73520755767822,CHARGING,SUPERCAP,1.0,0.327,8.152,0.0808,0.0
81.01816463470459,CHARGING,SUPERCAP,1.0,0.329,8.167,0.0815,0.0
81.30001521110535,CHARGING,SUPERCAP,1.0,0.331,8.185,0.0821,0.0
81.58497548103333,CHARGING,SUPERCAP,1.0,0.333,8.17,0.0827,0.0
81.8661904335022,CHARGING,SUPERCAP,1.0,0.336,8.185,0.0834,0.0
82.15159225463867,CHARGING,SUPERCAP,1.0,0.338,8.196,0.084,0.0
82.4352056980133,CHARGING,SUPERCAP,1.0,0.343,8.163,0.0847,0.0
82.71801733970642,CHARGING,SUPERCAP,1.0,0.343,8.199,0.0853,0.0
83.0035982131958,CHARGING,SUPERCAP,1.0,0.347,8.174,0.086,0.0
83.28099846839905,CHARGING,SUPERCAP,1.0,0.351,8.167,0.0866,0.0
83.57101321220398,CHARGING,SUPERCAP,1.0,0.352,8.177,0.0873,0.0
83.85589337348938,CHARGING,SUPERCAP,1.0,0.354,8.174,0.0879,0.0
84.13754153251648,CHARGING,SUPERCAP,1.0,0.356,8.192,0.0886,0.0
84.41993236541748,CHARGING,SUPERCAP,1.0,0.359,8.185,0.0892,0.0
84.70370054244995,CHARGING,SUPERCAP,1.0,0.363,8.163,0.0899,0.0
84.9897346496582,CHARGING,SUPERCAP,1.0,0.363,8.199,0.0905,0.0
85.27354979515076,CHARGING,SUPERCAP,1.0,0.366,8.192,0.0912,0.0
85.55546069145203,CHARGING,SUPERCAP,1.0,0.37,8.192,0.0918,0.0
85.83901834487915,CHARGING,SUPERCAP,1.0,0.373,8.159,0.0924,0.0
86.1242241859436,CHARGING,SUPERCAP,1.0,0.374,8.207,0.0931,0.0
86.40749955177307,CHARGING,SUPERCAP,1.0,0.378,8.17,0.0937,0.0
86.69066452980042,CHARGING,SUPERCAP,1.0,0.38,8.17,0.0944,0.0
86.97731828689575,CHARGING,SUPERCAP,1.0,0.381,8.203,0.095,0.0
87.25904393196106,CHARGING,SUPERCAP,1.0,0.385,8.188,0.0957,0.0
87.54391407966614,CHARGING,SUPERCAP,1.0,0.388,8.199,0.0963,0.0
87.82539224624634,CHARGING,SUPERCAP,1.0,0.39,8.188,0.097,0.0
88.1111204624176,CHARGING,SUPERCAP,1.0,0.393,8.177,0.0976,0.0
88.39258790016174,CHARGING,SUPERCAP,1.0,0.396,8.188,0.0983,0.0
88.6761999130249,CHARGING,SUPERCAP,1.0,0.398,8.167,0.0989,0.0
88.96093106269836,CHARGING,SUPERCAP,1.0,0.4,8.207,0.0996,0.0
89.24057102203369,CHARGING,SUPERCAP,1.0,0.403,8.181,0.1002,0.0
89.52937364578247,CHARGING,SUPERCAP,1.0,0.406,8.181,0.1009,0.0
89.81050562858582,CHARGING,SUPERCAP,1.0,0.409,8.181,0.1015,0.0
90.0954658985138,CHARGING,SUPERCAP,1.0,0.41,8.192,0.1021,0.0
90.38090944290161,CHARGING,SUPERCAP,1.0,0.412,8.196,0.1028,0.0
90.66291165351868,CHARGING,SUPERCAP,1.0,0.415,8.181,0.1034,0.0
90.94532108306885,CHARGING,SUPERCAP,1.0,0.419,8.177,0.1041,0.0
91.2301344871521,CHARGING,SUPERCAP,1.0,0.421,8.163,0.1047,0.0
91.51495480537415,CHARGING,SUPERCAP,1.0,0.423,8.196,0.1054,0.0
91.7981641292572,CHARGING,SUPERCAP,1.0,0.426,8.185,0.106,0.0
92.08050441741943,CHARGING,SUPERCAP,1.0,0.429,8.181,0.1067,0.0
92.36699175834656,CHARGING,SUPERCAP,1.0,0.431,8.174,0.1073,0.0
92.65104579925537,CHARGING,SUPERCAP,1.0,0.434,8.199,0.108,0.0
92.9312105178833,CHARGING,SUPERCAP,1.0,0.437,8.188,0.1086,0.0
93.21803617477417,CHARGING,SUPERCAP,1.0,0.437,8.188,0.1093,0.0
93.50178933143616,CHARGING,SUPERCAP,1.0,0.441,8.181,0.1099,0.0
93.78381872177124,CHARGING,SUPERCAP,1.0,0.444,8.196,0.1106,0.0
94.06047797203064,CHARGING,SUPERCAP,1.0,0.446,8.177,0.1112,0.0
94.35216164588928,CHARGING,SUPERCAP,1.0,0.449,8.174,0.1118,0.0
94.63498425483704,CHARGING,SUPERCAP,1.0,0.45,8.199,0.1125,0.0
94.91707730293274,CHARGING,SUPERCAP,1.0,0.454,8.188,0.1131,0.0
95.20555067062378,CHARGING,SUPERCAP,1.0,0.456,8.188,0.1138,0.0
95.48742747306824,CHARGING,SUPERCAP,1.0,0.459,8.177,0.1144,0.0
95.77065920829773,CHARGING,SUPERCAP,1.0,0.462,8.188,0.1151,0.0
96.05357432365417,CHARGING,SUPERCAP,1.0,0.464,8.167,0.1157,0.0
96.33939099311829,CHARGING,SUPERCAP,1.0,0.467,8.17,0.1164,0.0
96.62085723876953,CHARGING,SUPERCAP,1.0,0.47,8.177,0.117,0.0
96.90553331375122,CHARGING,SUPERCAP,1.0,0.473,8.177,0.1177,0.0
97.18746733665466,CHARGING,SUPERCAP,1.0,0.475,8.174,0.1183,0.0
97.47451043128967,CHARGING,SUPERCAP,1.0,0.477,8.203,0.119,0.0
97.75476598739624,CHARGING,SUPERCAP,1.0,0.479,8.167,0.1196,0.0
98.03525304794312,CHARGING,SUPERCAP,1.0,0.481,8.218,0.1203,0.0
98.3264548778534,CHARGING,SUPERCAP,1.0,0.485,8.174,0.1209,0.0
98.6091411113739,CHARGING,SUPERCAP,1.0,0.488,8.181,0.1215,0.0
98.89134740829468,CHARGING,SUPERCAP,1.0,0.488,8.214,0.1222,0.0
99.17654871940613,CHARGING,SUPERCAP,1.0,0.492,8.181,0.1228,0.0
99.45718574523926,CHARGING,SUPERCAP,1.0,0.495,8.174,0.1235,0.0
99.7439317703247,CHARGING,SUPERCAP,1.0,0.498,8.17,0.1241,0.0
100.02649354934692,CHARGING,SUPERCAP,1.0,0.499,8.17,0.1248,0.0
100.30911374092102,CHARGING,SUPERCAP,1.0,0.501,8.196,0.1254,0.0
100.58730125427246,CHARGING,SUPERCAP,1.0,0.505,8.174,0.1261,0.0
100.87805032730103,CHARGING,SUPERCAP,1.0,0.506,8.196,0.1267,0.0
101.16098856925964,CHARGING,SUPERCAP,1.0,0.51,8.177,0.1274,0.0
101.44667196273804,CHARGING,SUPERCAP,1.0,0.513,8.163,0.128,0.0
101.72611570358276,CHARGING,SUPERCAP,1.0,0.515,8.185,0.1287,0.0
102.01245403289795,CHARGING,SUPERCAP,1.0,0.516,8.196,0.1293,0.0
102.29380869865417,CHARGING,SUPERCAP,1.0,0.52,8.188,0.1299,0.0
102.58086729049683,CHARGING,SUPERCAP,1.0,0.523,8.174,0.1306,0.0
102.86481618881226,CHARGING,SUPERCAP,1.0,0.525,8.185,0.1312,0.0
103.14668869972229,CHARGING,SUPERCAP,1.0,0.529,8.174,0.1319,0.0
103.43000411987305,CHARGING,SUPERCAP,1.0,0.531,8.177,0.1325,0.0
103.7165002822876,CHARGING,SUPERCAP,1.0,0.532,8.185,0.1332,0.0
103.99439811706543,CHARGING,SUPERCAP,1.0,0.535,8.177,0.1338,0.0
104.28465604782104,CHARGING,SUPERCAP,1.0,0.537,8.188,0.1345,0.0
104.56743836402893,CHARGING,SUPERCAP,1.0,0.539,8.177,0.1351,0.0
104.84763503074646,CHARGING,SUPERCAP,1.0,0.543,8.17,0.1358,0.0
105.13063216209412,CHARGING,SUPERCAP,1.0,0.545,8.199,0.1364,0.0
105.41645193099976,CHARGING,SUPERCAP,1.0,0.547,8.199,0.1371,0.0
105.70258736610413,CHARGING,SUPERCAP,1.0,0.551,8.192,0.1377,0.0
105.98578715324402,CHARGING,SUPERCAP,1.0,0.552,8.199,0.1384,0.0
106.26747560501099,CHARGING,SUPERCAP,1.0,0.555,8.188,0.139,0.0
106.55547785758972,CHARGING,SUPERCAP,1.0,0.556,8.174,0.1396,0.0
106.83745884895325,CHARGING,SUPERCAP,1.0,0.56,8.185,0.1403,0.0
107.119225025177,CHARGING,SUPERCAP,1.0,0.563,8.174,0.1409,0.0
107.40637445449829,CHARGING,SUPERCAP,1.0,0.567,8.145,0.1416,0.0
107.68840098381042,CHARGING,SUPERCAP,1.0,0.566,8.174,0.1422,0.0
107.97080516815186,CHARGING,SUPERCAP,1.0,0.57,8.188,0.1429,0.0
108.25381970405579,CHARGING,SUPERCAP,1.0,0.572,8.185,0.1435,0.0
108.53736114501953,CHARGING,SUPERCAP,1.0,0.576,8.174,0.1442,0.0
108.8228349685669,CHARGING,SUPERCAP,1.0,0.578,8.174,0.1448,0.0
109.10653734207153,CHARGING,SUPERCAP,1.0,0.578,8.199,0.1455,0.0
109.39107584953308,CHARGING,SUPERCAP,1.0,0.581,8.207,0.1461,0.0
109.6701431274414,CHARGING,SUPERCAP,1.0,0.586,8.177,0.1468,0.0
109.95085000991821,CHARGING,SUPERCAP,1.0,0.586,8.188,0.1474,0.0
110.23679375648499,CHARGING,SUPERCAP,1.0,0.591,8.163,0.1481,0.0
110.52667284011841,CHARGING,SUPERCAP,1.0,0.594,8.152,0.1487,0.0
110.80934953689575,CHARGING,SUPERCAP,1.0,0.595,8.174,0.1493,0.0
111.0929114818573,CHARGING,SUPERCAP,1.0,0.597,8.17,0.15,0.0
111.37477540969849,CHARGING,SUPERCAP,1.0,0.599,8.167,0.1506,0.0
111.6596896648407,CHARGING,SUPERCAP,1.0,0.602,8.185,0.1513,0.0
111.94359970092773,CHARGING,SUPERCAP,1.0,0.605,8.196,0.1519,0.0
112.22743511199951,CHARGING,SUPERCAP,1.0,0.608,8.185,0.1526,0.0
112.51264810562134,CHARGING,SUPERCAP,1.0,0.608,8.207,0.1532,0.0
112.79467558860779,CHARGING,SUPERCAP,1.0,0.611,8.207,0.1539,0.0
113.07031774520874,CHARGING,SUPERCAP,1.0,0.613,8.174,0.1545,0.0
113.36199283599854,CHARGING,SUPERCAP,1.0,0.616,8.181,0.1552,0.0
113.63849472999573,CHARGING,SUPERCAP,1.0,0.619,8.188,0.1558,0.0
113.92997932434082,CHARGING,SUPERCAP,1.0,0.622,8.17,0.1565,0.0
114.2124171257019,CHARGING,SUPERCAP,1.0,0.624,8.174,0.1571,0.0
114.4966208934784,CHARGING,SUPERCAP,1.0,0.626,8.188,0.1578,0.0
114.78221845626831,CHARGING,SUPERCAP,1.0,0.629,8.159,0.1584,0.0
115.0650360584259,CHARGING,SUPERCAP,1.0,0.631,8.207,0.1591,0.0
115.34855604171753,CHARGING,SUPERCAP,1.0,0.634,8.192,0.1597,0.0
115.63396286964417,CHARGING,SUPERCAP,1.0,0.634,8.174,0.1603,0.0
115.91676139831543,CHARGING,SUPERCAP,1.0,0.637,8.196,0.161,0.0
116.19941592216492,CHARGING,SUPERCAP,1.0,0.639,8.177,0.1616,0.0
116.48576807975769,CHARGING,SUPERCAP,1.0,0.64,8.188,0.1623,0.0
116.76955056190491,CHARGING,SUPERCAP,1.0,0.645,8.159,0.1629,0.0
117.05076551437378,CHARGING,SUPERCAP,1.0,0.647,8.177,0.1636,0.0
117.32996273040771,CHARGING,SUPERCAP,1.0,0.648,8.177,0.1642,0.0
117.62062740325928,CHARGING,SUPERCAP,1.0,0.651,8.174,0.1649,0.0
117.90323901176453,CHARGING,SUPERCAP,1.0,0.653,8.192,0.1655,0.0
118.18582320213318,CHARGING,SUPERCAP,1.0,0.655,8.185,0.1662,0.0
118.4694151878357,CHARGING,SUPERCAP,1.0,0.659,8.177,0.1668,0.0
118.754953622818,CHARGING,SUPERCAP,1.0,0.661,8.188,0.1675,0.0
119.02935457229614,CHARGING,SUPERCAP,1.0,0.662,8.192,0.1681,0.0
119.31984066963196,CHARGING,SUPERCAP,1.0,0.667,8.17,0.1688,0.0
119.60681891441345,CHARGING,SUPERCAP,1.0,0.669,8.177,0.1694,0.0
119.8856053352356,CHARGING,SUPERCAP,1.0,0.67,8.181,0.17,0.0
120.16950726509094,CHARGING,SUPERCAP,1.0,0.673,8.185,0.1707,0.0
120.4549629688263,CHARGING,SUPERCAP,1.0,0.676,8.177,0.1713,0.0
120.73950576782227,CHARGING,SUPERCAP,1.0,0.677,8.192,0.172,0.0
121.02132391929626,CHARGING,SUPERCAP,1.0,0.679,8.188,0.1726,0.0
121.3087830543518,CHARGING,SUPERCAP,1.0,0.682,8.185,0.1733,0.0
121.59407496452332,CHARGING,SUPERCAP,1.0,0.685,8.181,0.1739,0.0
121.87588882446289,CHARGING,SUPERCAP,1.0,0.687,8.181,0.1746,0.0
122.16037702560425,CHARGING,SUPERCAP,1.0,0.69,8.181,0.1752,0.0
122.44138646125793,CHARGING,SUPERCAP,1.0,0.691,8.188,0.1759,0.0
122.7247588634491,CHARGING,SUPERCAP,1.0,0.694,8.185,0.1765,0.0
123.00988578796387,CHARGING,SUPERCAP,1.0,0.697,8.192,0.1772,0.0
123.29367089271545,CHARGING,SUPERCAP,1.0,0.7,8.177,0.1778,0.0
123.57740831375122,CHARGING,SUPERCAP,1.0,0.702,8.177,0.1784,0.0
123.86227750778198,CHARGING,SUPERCAP,1.0,0.705,8.181,0.1791,0.0
124.14068555831909,CHARGING,SUPERCAP,1.0,0.706,8.185,0.1797,0.0
124.42736768722534,CHARGING,SUPERCAP,1.0,0.709,8.177,0.1804,0.0
124.71409296989441,CHARGING,SUPERCAP,1.0,0.713,8.185,0.181,0.0
124.99081230163574,CHARGING,SUPERCAP,1.0,0.713,8.192,0.1817,0.0
125.28030824661255,CHARGING,SUPERCAP,1.0,0.716,8.188,0.1823,0.0
125.56421613693237,CHARGING,SUPERCAP,1.0,0.717,8.192,0.183,0.0
125.84852194786072,CHARGING,SUPERCAP,1.0,0.721,8.181,0.1836,0.0
126.132253408432,CHARGING,SUPERCAP,1.0,0.723,8.181,0.1843,0.0
126.4139711856842,CHARGING,SUPERCAP,1.0,0.725,8.177,0.1849,0.0
126.70142936706543,CHARGING,SUPERCAP,1.0,0.728,8.174,0.1856,0.0
126.98416376113892,CHARGING,SUPERCAP,1.0,0.731,8.181,0.1862,0.0
127.26608467102051,CHARGING,SUPERCAP,1.0,0.734,8.181,0.1869,0.0
127.54953789710999,CHARGING,SUPERCAP,1.0,0.736,8.188,0.1875,0.0
127.83596754074097,CHARGING,SUPERCAP,1.0,0.737,8.192,0.1881,0.0
128.11804342269897,CHARGING,SUPERCAP,1.0,0.741,8.177,0.1888,0.0
128.39957404136658,CHARGING,SUPERCAP,1.0,0.742,8.181,0.1894,0.0
128.68583512306213,CHARGING,SUPERCAP,1.0,0.746,8.188,0.1901,0.0
128.96953010559082,CHARGING,SUPERCAP,1.0,0.747,8.192,0.1907,0.0
129.24911165237427,CHARGING,SUPERCAP,1.0,0.75,8.181,0.1914,0.0
129.53594303131104,CHARGING,SUPERCAP,1.0,0.753,8.188,0.192,0.0
129.82129383087158,CHARGING,SUPERCAP,1.0,0.755,8.177,0.1927,0.0
130.0981843471527,CHARGING,SUPERCAP,1.0,0.757,8.185,0.1933,0.0
130.38852787017822,CHARGING,SUPERCAP,1.0,0.76,8.185,0.194,0.0
130.66961979866028,CHARGING,SUPERCAP,1.0,0.762,8.185,0.1946,0.0
130.95585012435913,CHARGING,SUPERCAP,1.0,0.764,8.177,0.1953,0.0
131.23872447013855,CHARGING,SUPERCAP,1.0,0.766,8.188,0.1959,0.0
131.5243957042694,CHARGING,SUPERCAP,1.0,0.77,8.181,0.1966,0.0
131.80501747131348,CHARGING,SUPERCAP,1.0,0.772,8.185,0.1972,0.0
132.0910496711731,CHARGING,SUPERCAP,1.0,0.774,8.177,0.1978,0.0
132.369282245636,CHARGING,SUPERCAP,1.0,0.777,8.196,0.1985,0.0
132.65494441986084,CHARGING,SUPERCAP,1.0,0.779,8.177,0.1991,0.0
132.9419288635254,CHARGING,SUPERCAP,1.0,0.782,8.185,0.1998,0.0
133.22567629814148,CHARGING,SUPERCAP,1.0,0.784,8.192,0.2004,0.0
133.50968098640442,CHARGING,SUPERCAP,1.0,0.786,8.192,0.2011,0.0
133.78955125808716,CHARGING,SUPERCAP,1.0,0.788,8.177,0.2017,0.0
134.07317519187927,CHARGING,SUPERCAP,1.0,0.791,8.185,0.2024,0.0
134.36177611351013,CHARGING,SUPERCAP,1.0,0.793,8.181,0.203,0.0
134.64454317092896,CHARGING,SUPERCAP,1.0,0.796,8.177,0.2037,0.0
134.91960072517395,CHARGING,SUPERCAP,1.0,0.798,8.174,0.2043,0.0
135.21151208877563,CHARGING,SUPERCAP,1.0,0.799,8.196,0.205,0.0
135.49446558952332,CHARGING,SUPERCAP,1.0,0.802,8.181,0.2056,0.0
135.77959847450256,CHARGING,SUPERCAP,1.0,0.804,8.174,0.2063,0.0
136.06433534622192,CHARGING,SUPERCAP,1.0,0.807,8.177,0.2069,0.0
136.34631419181824,CHARGING,SUPERCAP,1.0,0.811,8.177,0.2075,0.0
136.62977385520935,CHARGING,SUPERCAP,1.0,0.813,8.174,0.2082,0.0
136.91188097000122,CHARGING,SUPERCAP,1.0,0.814,8.174,0.2088,0.0
137.19664764404297,CHARGING,SUPERCAP,1.0,0.816,8.196,0.2095,0.0
137.47756719589233,CHARGING,SUPERCAP,1.0,0.82,8.17,0.2101,0.0
137.75814127922058,CHARGING,SUPERCAP,1.0,0.821,8.177,0.2108,0.0
138.04939341545105,CHARGING,SUPERCAP,1.0,0.824,8.185,0.2114,0.0
138.3332977294922,CHARGING,SUPERCAP,1.0,0.825,8.188,0.2121,0.0
138.61606407165527,CHARGING,SUPERCAP,1.0,0.828,8.177,0.2127,0.0
138.89807319641113,CHARGING,SUPERCAP,1.0,0.83,8.174,0.2134,0.0
139.18321084976196,CHARGING,SUPERCAP,1.0,0.833,8.181,0.214,0.0
139.46909880638123,CHARGING,SUPERCAP,1.0,0.835,8.192,0.2147,0.0
139.74958634376526,CHARGING,SUPERCAP,1.0,0.838,8.181,0.2153,0.0
140.02948832511902,CHARGING,SUPERCAP,1.0,0.84,8.181,0.216,0.0
140.3198642730713,CHARGING,SUPERCAP,1.0,0.843,8.174,0.2166,0.0
140.60164594650269,CHARGING,SUPERCAP,1.0,0.845,8.177,0.2172,0.0
140.8871054649353,CHARGING,SUPERCAP,1.0,0.846,8.185,0.2179,0.0
141.16905879974365,CHARGING,SUPERCAP,1.0,0.849,8.185,0.2185,0.0
141.45372557640076,CHARGING,SUPERCAP,1.0,0.852,8.177,0.2192,0.0
141.72960543632507,CHARGING,SUPERCAP,1.0,0.854,8.188,0.2198,0.0
142.0194959640503,CHARGING,SUPERCAP,1.0,0.856,8.177,0.2205,0.0
142.29829454421997,CHARGING,SUPERCAP,1.0,0.86,8.188,0.2211,0.0
142.58831477165222,CHARGING,SUPERCAP,1.0,0.862,8.185,0.2218,0.0
142.87204837799072,CHARGING,SUPERCAP,1.0,0.863,8.192,0.2224,0.0
143.15675401687622,CHARGING,SUPERCAP,1.0,0.866,8.17,0.2231,0.0
143.4397485256195,CHARGING,SUPERCAP,1.0,0.868,8.167,0.2237,0.0
143.72244238853455,CHARGING,SUPERCAP,1.0,0.871,8.17,0.2244,0.0
144.00590872764587,CHARGING,SUPERCAP,1.0,0.873,8.199,0.225,0.0
144.29187107086182,CHARGING,SUPERCAP,1.0,0.874,8.181,0.2257,0.0
144.57434225082397,CHARGING,SUPERCAP,1.0,0.878,8.185,0.2263,0.0
144.8594992160797,CHARGING,SUPERCAP,1.0,0.879,8.188,0.2269,0.0
145.14398097991943,CHARGING,SUPERCAP,1.0,0.882,8.199,0.2276,0.0
145.42619919776917,CHARGING,SUPERCAP,1.0,0.885,8.185,0.2282,0.0
145.7096607685089,CHARGING,SUPERCAP,1.0,0.886,8.181,0.2289,0.0
145.99258136749268,CHARGING,SUPERCAP,1.0,0.889,8.181,0.2295,0.0
146.27683234214783,CHARGING,SUPERCAP,1.0,0.891,8.185,0.2302,0.0
146.5560381412506,CHARGING,SUPERCAP,1.0,0.894,8.177,0.2308,0.0
146.8434703350067,CHARGING,SUPERCAP,1.0,0.897,8.177,0.2315,0.0
147.12617683410645,CHARGING,SUPERCAP,1.0,0.898,8.199,0.2321,0.0
147.40651035308838,CHARGING,SUPERCAP,1.0,0.902,8.177,0.2328,0.0
147.69522976875305,CHARGING,SUPERCAP,1.0,0.904,8.188,0.2334,0.0
147.9769356250763,CHARGING,SUPERCAP,1.0,0.906,8.181,0.2341,0.0
148.26418113708496,CHARGING,SUPERCAP,1.0,0.908,8.177,0.2347,0.0
148.5449914932251,CHARGING,SUPERCAP,1.0,0.91,8.185,0.2354,0.0
148.82585287094116,CHARGING,SUPERCAP,1.0,0.913,8.177,0.236,0.0
149.10906100273132,CHARGING,SUPERCAP,1.0,0.916,8.174,0.2366,0.0
149.3994016647339,CHARGING,SUPERCAP,1.0,0.917,8.188,0.2373,0.0
149.6823968887329,CHARGING,SUPERCAP,1.0,0.921,8.174,0.2379,0.0
149.95937037467957,CHARGING,SUPERCAP,1.0,0.923,8.181,0.2386,0.0
150.2504596710205,CHARGING,SUPERCAP,1.0,0.925,8.181,0.2392,0.0
150.53366255760193,CHARGING,SUPERCAP,1.0,0.927,8.192,0.2399,0.0
150.81700110435486,CHARGING,SUPERCAP,1.0,0.929,8.181,0.2405,0.0
151.09885334968567,CHARGING,SUPERCAP,1.0,0.931,8.188,0.2412,0.0
151.38175678253174,CHARGING,SUPERCAP,1.0,0.935,8.17,0.2418,0.0
151.66784811019897,CHARGING,SUPERCAP,1.0,0.937,8.181,0.2425,0.0
151.9497640132904,CHARGING,SUPERCAP,1.0,0.94,8.177,0.2431,0.0
152.2333152294159,CHARGING,SUPERCAP,1.0,0.941,8.181,0.2438,0.0
152.5193247795105,CHARGING,SUPERCAP,1.0,0.943,8.188,0.2444,0.0
152.79613637924194,CHARGING,SUPERCAP,1.0,0.946,8.177,0.2451,0.0
153.08531212806702,CHARGING,SUPERCAP,1.0,0.948,8.181,0.2457,0.0
153.36990451812744,CHARGING,SUPERCAP,1.0,0.95,8.185,0.2463,0.0
153.6543846130371,CHARGING,SUPERCAP,1.0,0.953,8.177,0.247,0.0
153.939555644989,CHARGING,SUPERCAP,1.0,0.954,8.185,0.2476,0.0
154.2192897796631,CHARGING,SUPERCAP,1.0,0.956,8.17,0.2483,0.0
154.50598335266113,CHARGING,SUPERCAP,1.0,0.958,8.181,0.2489,0.0
154.78546237945557,CHARGING,SUPERCAP,1.0,0.961,8.177,0.2496,0.0
155.0723433494568,CHARGING,SUPERCAP,1.0,0.964,8.181,0.2502,0.0
155.35526132583618,CHARGING,SUPERCAP,1.0,0.965,8.185,0.2509,0.0
155.6406512260437,CHARGING,SUPERCAP,1.0,0.968,8.177,0.2515,0.0
155.9244384765625,CHARGING,SUPERCAP,1.0,0.97,8.181,0.2522,0.0
156.2063446044922,CHARGING,SUPERCAP,1.0,0.973,8.196,0.2528,0.0
156.49118065834045,CHARGING,SUPERCAP,1.0,0.975,8.185,0.2535,0.0
156.77528953552246,CHARGING,SUPERCAP,1.0,0.978,8.181,0.2541,0.0
157.05820322036743,CHARGING,SUPERCAP,1.0,0.98,8.174,0.2547,0.0
157.3397080898285,CHARGING,SUPERCAP,1.0,0.981,8.192,0.2554,0.0
157.62685823440552,CHARGING,SUPERCAP,1.0,0.984,8.181,0.256,0.0
157.9065704345703,CHARGING,SUPERCAP,1.0,0.987,8.181,0.2567,0.0
158.19323897361755,CHARGING,SUPERCAP,1.0,0.989,8.181,0.2573,0.0
158.47910380363464,CHARGING,SUPERCAP,1.0,0.991,8.174,0.258,0.0
158.76185369491577,CHARGING,SUPERCAP,1.0,0.994,8.177,0.2586,0.0
159.03934788703918,CHARGING,SUPERCAP,1.0,0.995,8.192,0.2593,0.0
159.32953548431396,CHARGING,SUPERCAP,1.0,0.998,8.185,0.2599,0.0
159.6138210296631,CHARGING,SUPERCAP,1.0,1.0,8.188,0.2606,0.0
159.89734053611755,DONE,SUPERCAP,1.0,0.994,-0.068,0.2607,0.0
160.1837558746338,DONE,SUPERCAP,1.0,0.995,-0.064,0.2607,0.0
160.4655957221985,DONE,SUPERCAP,1.0,0.992,-0.05,0.2607,0.0
160.74580216407776,DONE,SUPERCAP,1.0,0.99,-0.024,0.2607,0.0
161.03221082687378,DONE,SUPERCAP,1.0,0.994,-0.104,0.2607,0.0
161.31346321105957,DONE,SUPERCAP,1.0,0.989,-0.039,0.2607,0.0
161.59944081306458,DONE,SUPERCAP,1.0,0.993,-0.082,0.2607,0.0
161.88349032402039,DONE,SUPERCAP,1.0,0.989,-0.042,0.2607,0.0
162.1636040210724,DONE,SUPERCAP,1.0,0.991,-0.05,0.2607,0.0
162.4489598274231,DONE,SUPERCAP,1.0,0.988,-0.017,0.2607,0.0
162.73209047317505,DONE,SUPERCAP,1.0,0.997,-0.104,0.2607,0.0
163.01355147361755,DONE,SUPERCAP,1.0,0.989,-0.05,0.2607,0.0
163.298189163208,DONE,SUPERCAP,1.0,0.989,-0.024,0.2607,0.0
163.5819869041443,DONE,SUPERCAP,1.0,0.993,-0.068,0.2607,0.0
163.86516785621643,DONE,SUPERCAP,1.0,0.989,-0.064,0.2607,0.0
164.1475818157196,DONE,SUPERCAP,1.0,0.991,-0.086,0.2607,0.0
164.4260642528534,DONE,SUPERCAP,1.0,0.987,0.016,0.2607,0.0
164.71322441101074,DONE,SUPERCAP,1.0,0.991,-0.061,0.2607,0.0
164.99848318099976,DONE,SUPERCAP,1.0,0.99,-0.05,0.2607,0.0
165.2821147441864,DONE,SUPERCAP,1.0,0.988,-0.035,0.2607,0.0
165.56443905830383,DONE,SUPERCAP,1.0,0.987,-0.05,0.2607,0.0
165.84938216209412,DONE,SUPERCAP,1.0,0.991,-0.097,0.2607,0.0
166.13011121749878,DONE,SUPERCAP,1.0,0.988,-0.028,0.2607,0.0
166.41656923294067,DONE,SUPERCAP,1.0,0.987,-0.042,0.2607,0.0
166.69905972480774,DONE,SUPERCAP,1.0,0.991,-0.093,0.2607,0.0
166.98136019706726,DONE,SUPERCAP,1.0,0.989,-0.061,0.2607,0.0
167.26447534561157,DONE,SUPERCAP,1.0,0.988,-0.064,0.2607,0.0
167.54065918922424,DONE,SUPERCAP,1.0,0.987,-0.009,0.2607,0.0
167.83199501037598,DONE,SUPERCAP,1.0,0.992,-0.075,0.2607,0.0
168.1160831451416,DONE,SUPERCAP,1.0,0.987,-0.061,0.2607,0.0
168.39897656440735,DONE,SUPERCAP,1.0,0.985,-0.031,0.2607,0.0
168.68263840675354,DONE,SUPERCAP,1.0,0.985,-0.028,0.2607,0.0
168.9641432762146,DONE,SUPERCAP,1.0,0.991,-0.097,0.2607,0.0
169.24862360954285,DONE,SUPERCAP,1.0,0.985,-0.028,0.2607,0.0
169.53289270401,DONE,SUPERCAP,1.0,0.987,-0.061,0.2607,0.0
169.8088414669037,DONE,SUPERCAP,1.0,0.991,-0.082,0.2607,0.0
170.09850430488586,DONE,SUPERCAP,1.0,0.986,-0.035,0.2607,0.0
170.3815712928772,DONE,SUPERCAP,1.0,0.987,-0.046,0.2607,0.0
170.66417384147644,DONE,SUPERCAP,1.0,0.99,-0.112,0.2607,0.0
170.94928812980652,DONE,SUPERCAP,1.0,0.991,-0.093,0.2607,0.0
171.23333263397217,DONE,SUPERCAP,1.0,0.987,-0.053,0.2607,0.0
171.5166380405426,DONE,SUPERCAP,1.0,0.991,-0.101,0.2607,0.0
171.79910802841187,DONE,SUPERCAP,1.0,0.984,-0.042,0.2607,0.0
172.08120799064636,DONE,SUPERCAP,1.0,0.987,-0.068,0.2607,0.0
172.36463689804077,DONE,SUPERCAP,1.0,0.986,-0.061,0.2607,0.0
172.64907145500183,DONE,SUPERCAP,1.0,0.986,-0.05,0.2607,0.0
172.93317770957947,DONE,SUPERCAP,1.0,0.986,-0.053,0.2607,0.0
173.21536421775818,DONE,SUPERCAP,1.0,0.986,-0.057,0.2607,0.0
173.49869084358215,DONE,SUPERCAP,1.0,0.99,-0.119,0.2607,0.0
173.77967309951782,DONE,SUPERCAP,1.0,0.984,-0.017,0.2607,0.0
174.06230878829956,DONE,SUPERCAP,1.0,0.988,-0.075,0.2607,0.0
174.34834361076355,DONE,SUPERCAP,1.0,0.986,-0.064,0.2607,0.0
174.63289594650269,DONE,SUPERCAP,1.0,0.986,-0.039,0.2607,0.0
174.9160885810852,DONE,SUPERCAP,1.0,0.987,-0.057,0.2607,0.0
175.1990692615509,DONE,SUPERCAP,1.0,0.988,-0.064,0.2607,0.0
175.48020362854004,DONE,SUPERCAP,1.0,0.983,-0.035,0.2607,0.0
175.76413488388062,DONE,SUPERCAP,1.0,0.984,-0.035,0.2607,0.0
176.04864192008972,DONE,SUPERCAP,1.0,0.985,-0.086,0.2607,0.0
176.33227109909058,DONE,SUPERCAP,1.0,0.987,-0.09,0.2607,0.0
176.61582708358765,DONE,SUPERCAP,1.0,0.985,-0.057,0.2607,0.0
176.89902567863464,DONE,SUPERCAP,1.0,0.989,-0.115,0.2607,0.0
177.17929410934448,DONE,SUPERCAP,1.0,0.982,-0.02,0.2607,0.0
177.46759963035583,DONE,SUPERCAP,1.0,0.984,-0.024,0.2607,0.0
177.75040102005005,DONE,SUPERCAP,1.0,0.987,-0.108,0.2607,0.0
178.03293323516846,DONE,SUPERCAP,1.0,0.984,-0.046,0.2607,0.0
178.3147578239441,DONE,SUPERCAP,1.0,0.988,-0.075,0.2607,0.0
178.59465861320496,DONE,SUPERCAP,1.0,0.98,0.001,0.2607,0.0
178.87857842445374,DONE,SUPERCAP,1.0,0.98,-0.017,0.2607,0.0
179.1635959148407,DONE,SUPERCAP,1.0,0.984,-0.057,0.2607,0.0
179.44587564468384,DONE,SUPERCAP,1.0,0.981,0.005,0.2607,0.0
179.73262357711792,DONE,SUPERCAP,1.0,0.984,-0.057,0.2607,0.0
180.00862216949463,DONE,SUPERCAP,1.0,0.983,-0.035,0.2607,0.0
180.29898834228516,DONE,SUPERCAP,1.0,0.981,-0.002,0.2607,0.0
180.58115601539612,DONE,SUPERCAP,1.0,0.991,-0.112,0.2607,0.0
180.8586781024933,DONE,SUPERCAP,1.0,0.984,-0.064,0.2607,0.0
181.14520573616028,DONE,SUPERCAP,1.0,0.984,-0.093,0.2607,0.0
181.43238472938538,DONE,SUPERCAP,1.0,0.982,-0.046,0.2607,0.0
181.7161362171173,DONE,SUPERCAP,1.0,0.981,-0.02,0.2607,0.0
181.99692106246948,DONE,SUPERCAP,1.0,0.988,-0.104,0.2607,0.0
182.27927899360657,DONE,SUPERCAP,1.0,0.981,-0.053,0.2607,0.0
182.56155109405518,DONE,SUPERCAP,1.0,0.981,-0.053,0.2607,0.0
182.8487527370453,DONE,SUPERCAP,1.0,0.984,-0.064,0.2607,0.0
183.1321005821228,DONE,SUPERCAP,1.0,0.982,-0.064,0.2607,0.0
183.41477918624878,DONE,SUPERCAP,1.0,0.982,-0.035,0.2607,0.0
183.6981348991394,DONE,SUPERCAP,1.0,0.984,-0.101,0.2607,0.0
183.98295068740845,DONE,SUPERCAP,1.0,0.982,-0.042,0.2607,0.0
184.26562190055847,DONE,SUPERCAP,1.0,0.985,-0.064,0.2607,0.0
184.5487084388733,DONE,SUPERCAP,1.0,0.983,-0.053,0.2607,0.0
184.83184623718262,DONE,SUPERCAP,1.0,0.982,-0.028,0.2607,0.0
185.11075401306152,DONE,SUPERCAP,1.0,0.981,-0.028,0.2607,0.0
185.39671111106873,DONE,SUPERCAP,1.0,0.984,-0.09,0.2607,0.0
185.68360471725464,DONE,SUPERCAP,1.0,0.982,-0.042,0.2607,0.0
185.95868849754333,DONE,SUPERCAP,1.0,0.983,-0.064,0.2607,0.0
186.24849200248718,DONE,SUPERCAP,1.0,0.985,-0.075,0.2607,0.0
186.53182697296143,DONE,SUPERCAP,1.0,0.984,-0.086,0.2607,0.0
186.81347703933716,DONE,SUPERCAP,1.0,0.978,0.02,0.2607,0.0
187.09955143928528,DONE,SUPERCAP,1.0,0.978,-0.006,0.2607,0.0
187.3835208415985,DONE,SUPERCAP,1.0,0.977,-0.017,0.2607,0.0
187.66511273384094,DONE,SUPERCAP,1.0,0.982,-0.057,0.2607,0.0
187.93922328948975,DONE,SUPERCAP,1.0,0.98,-0.057,0.2607,0.0
188.2313404083252,DONE,SUPERCAP,1.0,0.983,-0.086,0.2607,0.0
188.51518511772156,DONE,SUPERCAP,1.0,0.978,-0.02,0.2607,0.0
188.79966950416565,DONE,SUPERCAP,1.0,0.986,-0.101,0.2607,0.0
189.082368850708,DONE,SUPERCAP,1.0,0.982,-0.053,0.2607,0.0
189.3651328086853,DONE,SUPERCAP,1.0,0.979,-0.053,0.2607,0.0
189.64888763427734,DONE,SUPERCAP,1.0,0.984,-0.072,0.2607,0.0
189.9323959350586,DONE,SUPERCAP,1.0,0.986,-0.104,0.2607,0.0
190.208101272583,DONE,SUPERCAP,1.0,0.98,-0.028,0.2607,0.0
190.49800491333008,DONE,SUPERCAP,1.0,0.981,-0.05,0.2607,0.0
190.78279757499695,DONE,SUPERCAP,1.0,0.982,-0.097,0.2607,0.0
191.06507325172424,DONE,SUPERCAP,1.0,0.98,-0.039,0.2607,0.0
191.34868168830872,DONE,SUPERCAP,1.0,0.981,-0.061,0.2607,0.0
191.63070130348206,DONE,SUPERCAP,1.0,0.981,-0.064,0.2607,0.0
191.9165337085724,DONE,SUPERCAP,1.0,0.982,-0.082,0.2607,0.0
192.1989462375641,DONE,SUPERCAP,1.0,0.98,-0.039,0.2607,0.0
192.4826455116272,DONE,SUPERCAP,1.0,0.983,-0.108,0.2607,0.0
192.76453113555908,DONE,SUPERCAP,1.0,0.977,0.001,0.2607,0.0
193.04443097114563,DONE,SUPERCAP,1.0,0.983,-0.082,0.2607,0.0
193.3324270248413,DONE,SUPERCAP,1.0,0.983,-0.093,0.2607,0.0
193.61602330207825,DONE,SUPERCAP,1.0,0.981,-0.075,0.2607,0.0
193.89645051956177,DONE,SUPERCAP,1.0,0.977,-0.02,0.2607,0.0
194.18230485916138,DONE,SUPERCAP,1.0,0.982,-0.104,0.2607,0.0
194.46443033218384,DONE,SUPERCAP,1.0,0.981,-0.053,0.2607,0.0
194.74905037879944,DONE,SUPERCAP,1.0,0.98,-0.057,0.2607,0.0
195.03313517570496,DONE,SUPERCAP,1.0,0.979,-0.064,0.2607,0.0
195.31576871871948,DONE,SUPERCAP,1.0,0.978,-0.013,0.2607,0.0
195.5989260673523,DONE,SUPERCAP,1.0,0.976,-0.024,0.2607,0.0
195.8784568309784,DONE,SUPERCAP,1.0,0.982,-0.064,0.2607,0.0
196.16435599327087,DONE,SUPERCAP,1.0,0.98,-0.05,0.2607,0.0
196.44903945922852,DONE,SUPERCAP,1.0,0.981,-0.079,0.2607,0.0
196.73310208320618,DONE,SUPERCAP,1.0,0.982,-0.093,0.2607,0.0
197.01634073257446,DONE,SUPERCAP,1.0,0.982,-0.108,0.2607,0.0
197.29809260368347,DONE,SUPERCAP,1.0,0.98,-0.053,0.2607,0.0
197.57482767105103,DONE,SUPERCAP,1.0,0.982,-0.075,0.2607,0.0
197.8644413948059,DONE,SUPERCAP,1.0,0.982,-0.075,0.2607,0.0
198.14601111412048,DONE,SUPERCAP,1.0,0.98,-0.061,0.2607,0.0
198.43308210372925,DONE,SUPERCAP,1.0,0.979,-0.064,0.2607,0.0
198.71617317199707,DONE,SUPERCAP,1.0,0.982,-0.093,0.2607,0.0
198.99885487556458,DONE,SUPERCAP,1.0,0.977,-0.042,0.2607,0.0
199.28087520599365,DONE,SUPERCAP,1.0,0.981,-0.082,0.2607,0.0
199.56427383422852,DONE,SUPERCAP,1.0,0.98,-0.097,0.2607,0.0
199.84964776039124,DONE,SUPERCAP,1.0,0.974,-0.02,0.2607,0.0
200.12817478179932,DONE,SUPERCAP,1.0,0.977,-0.057,0.2607,0.0
200.4151794910431,DONE,SUPERCAP,1.0,0.982,-0.101,0.2607,0.0
200.69761633872986,DONE,SUPERCAP,1.0,0.977,-0.046,0.2607,0.0
200.98006534576416,DONE,SUPERCAP,1.0,0.977,-0.064,0.2607,0.0
201.26561069488525,DONE,SUPERCAP,1.0,0.974,-0.031,0.2607,0.0
201.5477638244629,DONE,SUPERCAP,1.0,0.974,-0.031,0.2607,0.0
201.83004879951477,DONE,SUPERCAP,1.0,0.976,-0.046,0.2607,0.0
202.11577820777893,DONE,SUPERCAP,1.0,0.98,-0.075,0.2607,0.0
202.3982057571411,DONE,SUPERCAP,1.0,0.977,-0.042,0.2607,0.0
202.6758327484131,DONE,SUPERCAP,1.0,0.977,-0.053,0.2607,0.0
202.96763801574707,DONE,SUPERCAP,1.0,0.977,-0.082,0.2607,0.0
203.23954963684082,DONE,SUPERCAP,1.0,0.977,-0.05,0.2607,0.0
203.53226375579834,DONE,SUPERCAP,1.0,0.98,-0.068,0.2607,0.0
203.8153998851776,DONE,SUPERCAP,1.0,0.981,-0.108,0.2607,0.0
204.0907711982727,DONE,SUPERCAP,1.0,0.976,-0.053,0.2607,0.0
204.38015580177307,DONE,SUPERCAP,1.0,0.977,-0.064,0.2607,0.0
204.6633903980255,DONE,SUPERCAP,1.0,0.977,-0.075,0.2607,0.0
204.94482493400574,DONE,SUPERCAP,1.0,0.979,-0.075,0.2607,0.0
205.2322599887848,DONE,SUPERCAP,1.0,0.976,-0.046,0.2607,0.0
205.50668478012085,DONE,SUPERCAP,1.0,0.978,-0.068,0.2607,0.0
205.79855513572693,DONE,SUPERCAP,1.0,0.983,-0.101,0.2607,0.0
206.08408188819885,DONE,SUPERCAP,1.0,0.975,-0.05,0.2607,0.0
206.366943359375,DONE,SUPERCAP,1.0,0.974,0.001,0.2607,0.0
206.64250230789185,DONE,SUPERCAP,1.0,0.975,-0.013,0.2607,0.0
206.92850494384766,DONE,SUPERCAP,1.0,0.984,-0.097,0.2607,0.0
207.2141716480255,DONE,SUPERCAP,1.0,0.978,-0.042,0.2607,0.0
207.496896982193,DONE,SUPERCAP,1.0,0.982,-0.097,0.2607,0.0
207.77721095085144,DONE,SUPERCAP,1.0,0.979,-0.061,0.2607,0.0
208.05700826644897,DONE,SUPERCAP,1.0,0.981,-0.057,0.2607,0.0
208.34190845489502,DONE,SUPERCAP,1.0,0.977,-0.05,0.2607,0.0
208.63138246536255,DONE,SUPERCAP,1.0,0.979,-0.053,0.2607,0.0
208.90592408180237,DONE,SUPERCAP,1.0,0.979,-0.072,0.2607,0.0
209.19136548042297,DONE,SUPERCAP,1.0,0.979,-0.072,0.2607,0.0
209.48273730278015,DONE,SUPERCAP,1.0,0.978,-0.031,0.2607,0.0
209.7569704055786,DONE,SUPERCAP,1.0,0.983,-0.097,0.2607,0.0
210.0478527545929,DONE,SUPERCAP,1.0,0.978,-0.046,0.2607,0.0
210.35190892219543,DONE,SUPERCAP,1.0,0.977,0.001,0.2607,0.0
210.61342430114746,DONE,SUPERCAP,1.0,0.98,-0.061,0.2607,0.0
210.89905881881714,DONE,SUPERCAP,1.0,0.98,-0.064,0.2607,0.0
211.1825168132782,DONE,SUPERCAP,1.0,0.976,0.005,0.2607,0.0
211.46629643440247,DONE,SUPERCAP,1.0,0.985,-0.093,0.2607,0.0
211.748929977417,DONE,SUPERCAP,1.0,0.981,-0.082,0.2607,0.0
212.03264546394348,DONE,SUPERCAP,1.0,0.978,-0.028,0.2607,0.0
212.3150453567505,DONE,SUPERCAP,1.0,0.977,-0.05,0.2607,0.0
212.59932374954224,DONE,SUPERCAP,1.0,0.984,-0.115,0.2607,0.0
212.88261437416077,DONE,SUPERCAP,1.0,0.978,-0.013,0.2607,0.0
213.16626024246216,DONE,SUPERCAP,1.0,0.983,-0.101,0.2607,0.0
213.44927406311035,DONE,SUPERCAP,1.0,0.976,-0.053,0.2607,0.0
213.73164820671082,DONE,SUPERCAP,1.0,0.98,-0.108,0.2607,0.0
214.01618361473083,DONE,SUPERCAP,1.0,0.979,-0.024,0.2607,0.0
214.2995719909668,DONE,SUPERCAP,1.0,0.983,-0.097,0.2607,0.0
214.58341479301453,DONE,SUPERCAP,1.0,0.978,-0.013,0.2607,0.0
214.86720371246338,DONE,SUPERCAP,1.0,0.977,-0.042,0.2607,0.0
215.14739084243774,DONE,SUPERCAP,1.0,0.979,-0.075,0.2607,0.0
215.43089962005615,DONE,SUPERCAP,1.0,0.978,-0.035,0.2607,0.0
215.71558952331543,DONE,SUPERCAP,1.0,0.981,-0.053,0.2607,0.0
215.99868321418762,DONE,SUPERCAP,1.0,0.979,-0.057,0.2607,0.0
216.28290390968323,DONE,SUPERCAP,1.0,0.978,-0.068,0.2607,0.0
216.56469821929932,DONE,SUPERCAP,1.0,0.974,-0.017,0.2607,0.0
216.84949159622192,DONE,SUPERCAP,1.0,0.981,-0.068,0.2607,0.0
217.1307692527771,DONE,SUPERCAP,1.0,0.975,-0.013,0.2607,0.0
217.41561913490295,DONE,SUPERCAP,1.0,0.978,-0.064,0.2607,0.0
217.69835257530212,DONE,SUPERCAP,1.0,0.975,-0.053,0.2607,0.0
217.9814977645874,DONE,SUPERCAP,1.0,0.976,-0.057,0.2607,0.0
218.2640917301178,DONE,SUPERCAP,1.0,0.976,-0.02,0.2607,0.0
218.5493676662445,DONE,SUPERCAP,1.0,0.98,-0.082,0.2607,0.0
218.8334720134735,DONE,SUPERCAP,1.0,0.976,-0.031,0.2607,0.0
219.11596012115479,DONE,SUPERCAP,1.0,0.974,-0.017,0.2607,0.0
219.39845991134644,DONE,SUPERCAP,1.0,0.977,-0.061,0.2607,0.0
219.68153929710388,DONE,SUPERCAP,1.0,0.979,-0.075,0.2607,0.0
219.96518087387085,DONE,SUPERCAP,1.0,0.975,-0.002,0.2607,0.0
220.24669122695923,DONE,SUPERCAP,1.0,0.974,-0.002,0.2607,0.0
220.53321385383606,DONE,SUPERCAP,1.0,0.977,-0.072,0.2607,0.0
220.81561470031738,DONE,SUPERCAP,1.0,0.976,-0.042,0.2607,0.0
221.09800791740417,DONE,SUPERCAP,1.0,0.975,-0.046,0.2607,0.0
221.3826723098755,DONE,SUPERCAP,1.0,0.978,-0.075,0.2607,0.0
221.66493606567383,DONE,SUPERCAP,1.0,0.975,-0.028,0.2607,0.0
221.9493260383606,DONE,SUPERCAP,1.0,0.978,-0.079,0.2607,0.0
222.23292875289917,DONE,SUPERCAP,1.0,0.979,-0.068,0.2607,0.0
222.51554083824158,DONE,SUPERCAP,1.0,0.972,-0.013,0.2607,0.0
222.7988133430481,DONE,SUPERCAP,1.0,0.98,-0.075,0.2607,0.0
223.08063983917236,DONE,SUPERCAP,1.0,0.977,-0.09,0.2607,0.0
223.36469054222107,DONE,SUPERCAP,1.0,0.973,0.005,0.2607,0.0
223.650057554245,DONE,SUPERCAP,1.0,0.975,-0.039,0.2607,0.0
223.93348336219788,DONE,SUPERCAP,1.0,0.975,-0.042,0.2607,0.0
224.2154552936554,DONE,SUPERCAP,1.0,0.984,-0.126,0.2607,0.0
224.499094247818,DONE,SUPERCAP,1.0,0.979,-0.075,0.2607,0.0
224.78209733963013,DONE,SUPERCAP,1.0,0.974,-0.017,0.2607,0.0
225.0633442401886,DONE,SUPERCAP,1.0,0.973,-0.039,0.2607,0.0
225.34946608543396,DONE,SUPERCAP,1.0,0.975,-0.028,0.2607,0.0
225.6322512626648,DONE,SUPERCAP,1.0,0.977,-0.072,0.2607,0.0
225.91483688354492,DONE,SUPERCAP,1.0,0.975,-0.046,0.2607,0.0
226.1975495815277,DONE,SUPERCAP,1.0,0.977,-0.042,0.2607,0.0
226.4804871082306,DONE,SUPERCAP,1.0,0.976,-0.072,0.2607,0.0
226.7656557559967,DONE,SUPERCAP,1.0,0.974,-0.042,0.2607,0.0
227.04945158958435,DONE,SUPERCAP,1.0,0.978,-0.093,0.2607,0.0
227.33363699913025,DONE,SUPERCAP,1.0,0.98,-0.097,0.2607,0.0
227.61479306221008,DONE,SUPERCAP,1.0,0.975,-0.075,0.2607,0.0
227.9121515750885,DONE,SUPERCAP,1.0,0.974,-0.046,0.2607,0.0
228.1805305480957,DONE,SUPERCAP,1.0,0.976,-0.068,0.2607,0.0
228.46629571914673,DONE,SUPERCAP,1.0,0.974,-0.046,0.2607,0.0
228.74893641471863,DONE,SUPERCAP,1.0,0.973,-0.035,0.2607,0.0
229.03285121917725,DONE,SUPERCAP,1.0,0.977,-0.057,0.2607,0.0
229.31359219551086,DONE,SUPERCAP,1.0,0.978,-0.097,0.2607,0.0
229.59690165519714,DONE,SUPERCAP,1.0,0.97,0.005,0.2607,0.0
229.8831832408905,DONE,SUPERCAP,1.0,0.98,-0.101,0.2607,0.0
230.1654019355774,DONE,SUPERCAP,1.0,0.974,-0.039,0.2607,0.0
230.44886088371277,DONE,SUPERCAP,1.0,0.978,-0.075,0.2607,0.0
230.73280906677246,DONE,SUPERCAP,1.0,0.976,-0.068,0.2607,0.0
231.01576471328735,DONE,SUPERCAP,1.0,0.98,-0.082,0.2607,0.0
231.29636144638062,DONE,SUPERCAP,1.0,0.981,-0.093,0.2607,0.0
231.5831847190857,DONE,SUPERCAP,1.0,0.974,-0.028,0.2607,0.0
231.86586475372314,DONE,SUPERCAP,1.0,0.976,-0.086,0.2607,0.0
232.14823651313782,DONE,SUPERCAP,1.0,0.977,-0.068,0.2607,0.0
232.43267130851746,DONE,SUPERCAP,1.0,0.977,-0.072,0.2607,0.0
232.71392679214478,DONE,SUPERCAP,1.0,0.973,0.001,0.2607,0.0
232.99993300437927,DONE,SUPERCAP,1.0,0.972,-0.039,0.2607,0.0
233.2829282283783,DONE,SUPERCAP,1.0,0.972,-0.031,0.2607,0.0
233.56661701202393,DONE,SUPERCAP,1.0,0.982,-0.137,0.2607,0.0
233.84903216362,DONE,SUPERCAP,1.0,0.977,-0.075,0.2607,0.0
234.13355207443237,DONE,SUPERCAP,1.0,0.974,-0.039,0.2607,0.0
234.41609907150269,DONE,SUPERCAP,1.0,0.976,-0.075,0.2607,0.0
234.70010256767273,DONE,SUPERCAP,1.0,0.972,-0.05,0.2607,0.0
234.98278999328613,DONE,SUPERCAP,1.0,0.973,-0.031,0.2607,0.0
235.2646210193634,DONE,SUPERCAP,1.0,0.981,-0.09,0.2607,0.0
235.5478596687317,DONE,SUPERCAP,1.0,0.973,-0.042,0.2607,0.0
235.8301432132721,DONE,SUPERCAP,1.0,0.972,-0.039,0.2607,0.0
236.11342334747314,DONE,SUPERCAP,1.0,0.972,-0.031,0.2607,0.0
236.39992952346802,DONE,SUPERCAP,1.0,0.976,-0.053,0.2607,0.0
236.6831603050232,DONE,SUPERCAP,1.0,0.975,-0.057,0.2607,0.0
236.96620297431946,DONE,SUPERCAP,1.0,0.973,-0.013,0.2607,0.0
237.2488830089569,DONE,SUPERCAP,1.0,0.974,-0.075,0.2607,0.0
237.53284287452698,DONE,SUPERCAP,1.0,0.972,-0.042,0.2607,0.0
237.81635189056396,DONE,SUPERCAP,1.0,0.975,-0.068,0.2607,0.0
238.09984302520752,DONE,SUPERCAP,1.0,0.978,-0.115,0.2607,0.0
238.38285326957703,DONE,SUPERCAP,1.0,0.978,-0.086,0.2607,0.0
238.66445660591125,DONE,SUPERCAP,1.0,0.973,-0.042,0.2607,0.0
238.94915652275085,DONE,SUPERCAP,1.0,0.972,-0.075,0.2607,0.0
239.2295627593994,DONE,SUPERCAP,1.0,0.974,-0.075,0.2607,0.0
239.51566982269287,DONE,SUPERCAP,1.0,0.973,-0.035,0.2607,0.0
239.79869532585144,DONE,SUPERCAP,1.0,0.978,-0.104,0.2607,0.0
240.08174014091492,DONE,SUPERCAP,1.0,0.97,-0.053,0.2607,0.0
240.36424231529236,DONE,SUPERCAP,1.0,0.976,-0.068,0.2607,0.0
240.64659023284912,DONE,SUPERCAP,1.0,0.976,-0.101,0.2607,0.0
240.93378806114197,DONE,SUPERCAP,1.0,0.977,-0.097,0.2607,0.0
241.2160563468933,DONE,SUPERCAP,1.0,0.972,-0.031,0.2607,0.0
241.50008153915405,DONE,SUPERCAP,1.0,0.978,-0.112,0.2607,0.0
241.78131532669067,DONE,SUPERCAP,1.0,0.97,-0.035,0.2607,0.0
242.06502628326416,DONE,SUPERCAP,1.0,0.971,-0.035,0.2607,0.0
242.34636974334717,DONE,SUPERCAP,1.0,0.976,-0.086,0.2607,0.0
242.63342905044556,DONE,SUPERCAP,1.0,0.971,-0.039,0.2607,0.0
242.91640067100525,DONE,SUPERCAP,1.0,0.975,-0.061,0.2607,0.0
243.19990015029907,DONE,SUPERCAP,1.0,0.969,-0.009,0.2607,0.0
243.48342418670654,DONE,SUPERCAP,1.0,0.972,-0.075,0.2607,0.0
243.7650408744812,DONE,SUPERCAP,1.0,0.974,-0.061,0.2607,0.0
244.04738783836365,DONE,SUPERCAP,1.0,0.979,-0.137,0.2607,0.0
244.3327338695526,DONE,SUPERCAP,1.0,0.975,-0.079,0.2607,0.0
244.61501836776733,DONE,SUPERCAP,1.0,0.971,-0.002,0.2607,0.0
244.90027570724487,DONE,SUPERCAP,1.0,0.972,-0.064,0.2607,0.0
245.18050122261047,DONE,SUPERCAP,1.0,0.97,-0.013,0.2607,0.0
245.4639220237732,DONE,SUPERCAP,1.0,0.971,-0.061,0.2607,0.0
245.75028133392334,DONE,SUPERCAP,1.0,0.978,-0.115,0.2607,0.0
246.03286170959473,DONE,SUPERCAP,1.0,0.969,-0.02,0.2607,0.0
246.31678366661072,DONE,SUPERCAP,1.0,0.973,-0.072,0.2607,0.0
246.59904408454895,DONE,SUPERCAP,1.0,0.97,-0.031,0.2607,0.0
246.88395047187805,DONE,SUPERCAP,1.0,0.973,-0.064,0.2607,0.0
247.16565680503845,DONE,SUPERCAP,1.0,0.969,-0.013,0.2607,0.0
247.4494378566742,DONE,SUPERCAP,1.0,0.976,-0.082,0.2607,0.0
247.7321481704712,DONE,SUPERCAP,1.0,0.972,-0.031,0.2607,0.0
248.0145399570465,DONE,SUPERCAP,1.0,0.971,-0.02,0.2607,0.0
248.29997944831848,DONE,SUPERCAP,1.0,0.977,-0.09,0.2607,0.0
248.58086729049683,DONE,SUPERCAP,1.0,0.972,-0.057,0.2607,0.0
248.866623878479,DONE,SUPERCAP,1.0,0.972,-0.039,0.2607,0.0
249.1498999595642,DONE,SUPERCAP,1.0,0.972,-0.057,0.2607,0.0
249.43261909484863,DONE,SUPERCAP,1.0,0.973,-0.079,0.2607,0.0
249.71531653404236,DONE,SUPERCAP,1.0,0.972,-0.042,0.2607,0.0
249.99701309204102,DONE,SUPERCAP,1.0,0.972,-0.086,0.2607,0.0
250.28006720542908,DONE,SUPERCAP,1.0,0.978,-0.108,0.2607,0.0
250.56571698188782,DONE,SUPERCAP,1.0,0.969,-0.028,0.2607,0.0
250.8495056629181,DONE,SUPERCAP,1.0,0.968,-0.013,0.2607,0.0
251.13185620307922,DONE,SUPERCAP,1.0,0.97,-0.086,0.2607,0.0
251.41447639465332,DONE,SUPERCAP,1.0,0.97,-0.035,0.2607,0.0
251.69629526138306,DONE,SUPERCAP,1.0,0.969,-0.061,0.2607,0.0
251.98079347610474,DONE,SUPERCAP,1.0,0.971,-0.079,0.2607,0.0
252.26597714424133,DONE,SUPERCAP,1.0,0.968,-0.024,0.2607,0.0
252.54873919487,DONE,SUPERCAP,1.0,0.974,-0.093,0.2607,0.0
252.83187651634216,DONE,SUPERCAP,1.0,0.972,-0.068,0.2607,0.0
253.114905834198,DONE,SUPERCAP,1.0,0.97,-0.057,0.2607,0.0
253.39689230918884,DONE,SUPERCAP,1.0,0.971,-0.039,0.2607,0.0
253.68027782440186,DONE,SUPERCAP,1.0,0.972,-0.082,0.2607,0.0
253.96610116958618,DONE,SUPERCAP,1.0,0.97,-0.061,0.2607,0.0
254.24911522865295,DONE,SUPERCAP,1.0,0.973,-0.082,0.2607,0.0
254.53194856643677,DONE,SUPERCAP,1.0,0.975,-0.112,0.2607,0.0
254.81440830230713,DONE,SUPERCAP,1.0,0.967,-0.031,0.2607,0.0
255.09740042686462,DONE,SUPERCAP,1.0,0.972,-0.086,0.2607,0.0
255.3833453655243,DONE,SUPERCAP,1.0,0.97,-0.053,0.2607,0.0
255.66355180740356,DONE,SUPERCAP,1.0,0.969,-0.061,0.2607,0.0
255.94857931137085,DONE,SUPERCAP,1.0,0.97,-0.057,0.2607,0.0
256.23139572143555,DONE,SUPERCAP,1.0,0.969,-0.061,0.2607,0.0
256.5158591270447,DONE,SUPERCAP,1.0,0.97,-0.046,0.2607,0.0
256.7966773509979,DONE,SUPERCAP,1.0,0.967,-0.031,0.2607,0.0
257.0829701423645,DONE,SUPERCAP,1.0,0.97,-0.064,0.2607,0.0
257.3656668663025,DONE,SUPERCAP,1.0,0.973,-0.101,0.2607,0.0
257.64844489097595,DONE,SUPERCAP,1.0,0.971,-0.05,0.2607,0.0
257.929913520813,DONE,SUPERCAP,1.0,0.971,-0.057,0.2607,0.0
258.2137088775635,DONE,SUPERCAP,1.0,0.971,-0.075,0.2607,0.0
258.50033926963806,DONE,SUPERCAP,1.0,0.968,-0.035,0.2607,0.0
258.78281235694885,DONE,SUPERCAP,1.0,0.974,-0.082,0.2607,0.0
259.0654413700104,DONE,SUPERCAP,1.0,0.968,-0.057,0.2607,0.0
259.3432185649872,DONE,SUPERCAP,1.0,0.97,-0.042,0.2607,0.0
259.6276774406433,DONE,SUPERCAP,1.0,0.97,-0.061,0.2607,0.0
259.91361904144287,DONE,SUPERCAP,1.0,0.97,-0.093,0.2607,0.0
260.1990032196045,DONE,SUPERCAP,1.0,0.973,-0.097,0.2607,0.0
260.47775650024414,DONE,SUPERCAP,1.0,0.973,-0.064,0.2607,0.0
260.7651286125183,DONE,SUPERCAP,1.0,0.976,-0.115,0.2607,0.0
261.0489192008972,DONE,SUPERCAP,1.0,0.97,-0.053,0.2607,0.0
261.3307008743286,DONE,SUPERCAP,1.0,0.969,-0.061,0.2607,0.0
261.61739921569824,DONE,SUPERCAP,1.0,0.975,-0.104,0.2607,0.0
261.89902806282043,DONE,SUPERCAP,1.0,0.971,-0.068,0.2607,0.0
262.17847323417664,DONE,SUPERCAP,1.0,0.971,-0.064,0.2607,0.0
262.46620893478394,DONE,SUPERCAP,1.0,0.973,-0.119,0.2607,0.0
262.74506306648254,DONE,SUPERCAP,1.0,0.966,-0.017,0.2607,0.0
263.03224873542786,DONE,SUPERCAP,1.0,0.968,-0.05,0.2607,0.0
263.3166923522949,DONE,SUPERCAP,1.0,0.972,-0.082,0.2607,0.0
263.5994231700897,DONE,SUPERCAP,1.0,0.969,-0.064,0.2607,0.0
263.88267946243286,DONE,SUPERCAP,1.0,0.97,-0.064,0.2607,0.0
264.1649079322815,DONE,SUPERCAP,1.0,0.97,-0.086,0.2607,0.0
264.44689655303955,DONE,SUPERCAP,1.0,0.965,-0.039,0.2607,0.0
264.7335612773895,DONE,SUPERCAP,1.0,0.97,-0.068,0.2607,0.0
265.0164909362793,DONE,SUPERCAP,1.0,0.969,-0.072,0.2607,0.0
265.2990462779999,DONE,SUPERCAP,1.0,0.972,-0.079,0.2607,0.0
265.57664155960083,DONE,SUPERCAP,1.0,0.968,-0.053,0.2607,0.0
265.86447930336,DONE,SUPERCAP,1.0,0.969,-0.057,0.2607,0.0
266.1467206478119,DONE,SUPERCAP,1.0,0.969,-0.086,0.2607,0.0
266.43354964256287,DONE,SUPERCAP,1.0,0.965,-0.009,0.2607,0.0
266.7129101753235,DONE,SUPERCAP,1.0,0.971,-0.082,0.2607,0.0
266.9970443248749,DONE,SUPERCAP,1.0,0.97,-0.075,0.2607,0.0
267.2815601825714,DONE,SUPERCAP,1.0,0.964,-0.017,0.2607,0.0
267.566782951355,DONE,SUPERCAP,1.0,0.966,-0.031,0.2607,0.0
267.84665417671204,DONE,SUPERCAP,1.0,0.965,-0.031,0.2607,0.0
268.12857151031494,DONE,SUPERCAP,1.0,0.967,-0.017,0.2607,0.0
268.41617727279663,DONE,SUPERCAP,1.0,0.969,-0.075,0.2607,0.0
268.6982800960541,DONE,SUPERCAP,1.0,0.97,-0.072,0.2607,0.0
268.9766583442688,DONE,SUPERCAP,1.0,0.966,-0.028,0.2607,0.0
269.26348662376404,DONE,SUPERCAP,1.0,0.967,-0.031,0.2607,0.0
269.5452094078064,DONE,SUPERCAP,1.0,0.966,-0.072,0.2607,0.0
269.83313155174255,DONE,SUPERCAP,1.0,0.963,0.016,0.2607,0.0
270.1158962249756,DONE,SUPERCAP,1.0,0.964,-0.02,0.2607,0.0
270.39706897735596,DONE,SUPERCAP,1.0,0.966,-0.064,0.2607,0.0
270.68064165115356,DONE,SUPERCAP,1.0,0.966,-0.031,0.2607,0.0
270.9639551639557,DONE,SUPERCAP,1.0,0.968,-0.093,0.2607,0.0
271.2462959289551,DONE,SUPERCAP,1.0,0.97,-0.123,0.2607,0.0
271.52864813804626,DONE,SUPERCAP,1.0,0.972,-0.086,0.2607,0.0
271.81535816192627,DONE,SUPERCAP,1.0,0.967,-0.072,0.2607,0.0
272.09808325767517,DONE,SUPERCAP,1.0,0.964,-0.039,0.2607,0.0
272.38099670410156,DONE,SUPERCAP,1.0,0.968,-0.061,0.2607,0.0
272.6659553050995,DONE,SUPERCAP,1.0,0.966,-0.031,0.2607,0.0
272.94136333465576,DONE,SUPERCAP,1.0,0.969,-0.086,0.2607,0.0
273.23223066329956,DONE,SUPERCAP,1.0,0.967,-0.09,0.2607,0.0
273.5084776878357,DONE,SUPERCAP,1.0,0.966,-0.013,0.2607,0.0
273.79624485969543,DONE,SUPERCAP,1.0,0.971,-0.115,0.2607,0.0
274.07912135124207,DONE,SUPERCAP,1.0,0.967,-0.024,0.2607,0.0
274.3650381565094,DONE,SUPERCAP,1.0,0.967,-0.061,0.2607,0.0
274.6480543613434,DONE,SUPERCAP,1.0,0.969,-0.086,0.2607,0.0
274.92239022254944,DONE,SUPERCAP,1.0,0.966,-0.072,0.2607,0.0
275.2080512046814,DONE,SUPERCAP,1.0,0.968,-0.061,0.2607,0.0
275.4948236942291,DONE,SUPERCAP,1.0,0.971,-0.093,0.2607,0.0
275.7835831642151,DONE,SUPERCAP,1.0,0.965,-0.05,0.2607,0.0
276.0648195743561,DONE,SUPERCAP,1.0,0.965,-0.061,0.2607,0.0
276.3480558395386,DONE,SUPERCAP,1.0,0.963,-0.013,0.2607,0.0
276.6230266094208,DONE,SUPERCAP,1.0,0.967,-0.072,0.2607,0.0
276.9123466014862,DONE,SUPERCAP,1.0,0.969,-0.093,0.2607,0.0
277.1958522796631,DONE,SUPERCAP,1.0,0.97,-0.086,0.2607,0.0
277.48175740242004,DONE,SUPERCAP,1.0,0.966,-0.042,0.2607,0.0
277.75856709480286,DONE,SUPERCAP,1.0,0.965,-0.042,0.2607,0.0
278.0469710826874,DONE,SUPERCAP,1.0,0.965,-0.017,0.2607,0.0
278.3249521255493,DONE,SUPERCAP,1.0,0.967,-0.09,0.2607,0.0
278.6109564304352,DONE,SUPERCAP,1.0,0.969,-0.097,0.2607,0.0
278.8925998210907,DONE,SUPERCAP,1.0,0.963,-0.057,0.2607,0.0
279.17916464805603,DONE,SUPERCAP,1.0,0.965,-0.075,0.2607,0.0
279.46460723876953,DONE,SUPERCAP,1.0,0.97,-0.115,0.2607,0.0
279.74813652038574,DONE,SUPERCAP,1.0,0.968,-0.057,0.2607,0.0
280.0218963623047,DONE,SUPERCAP,1.0,0.967,-0.097,0.2607,0.0
280.3133625984192,DONE,SUPERCAP,1.0,0.963,-0.017,0.2607,0.0
280.59410762786865,DONE,SUPERCAP,1.0,0.964,-0.046,0.2607,0.0
280.88123202323914,DONE,SUPERCAP,1.0,0.97,-0.09,0.2607,0.0
281.16215682029724,DONE,SUPERCAP,1.0,0.962,-0.039,0.2607,0.0
281.4503538608551,DONE,SUPERCAP,1.0,0.967,-0.068,0.2607,0.0
281.73034739494324,DONE,SUPERCAP,1.0,0.965,-0.086,0.2607,0.0
282.0139856338501,DONE,SUPERCAP,1.0,0.971,-0.093,0.2607,0.0
282.29629588127136,DONE,SUPERCAP,1.0,0.967,-0.064,0.2607,0.0
282.5828506946564,DONE,SUPERCAP,1.0,0.962,-0.028,0.2607,0.0
282.8630485534668,DONE,SUPERCAP,1.0,0.97,-0.075,0.2607,0.0
283.1482310295105,DONE,SUPERCAP,1.0,0.965,-0.039,0.2607,0.0
283.43084192276,DONE,SUPERCAP,1.0,0.966,-0.064,0.2607,0.0
283.706255197525,DONE,SUPERCAP,1.0,0.963,-0.05,0.2607,0.0
283.9977021217346,DONE,SUPERCAP,1.0,0.962,-0.009,0.2607,0.0
284.2778558731079,DONE,SUPERCAP,1.0,0.968,-0.082,0.2607,0.0
284.5639371871948,DONE,SUPERCAP,1.0,0.963,-0.075,0.2607,0.0
284.8440263271332,DONE,SUPERCAP,1.0,0.965,-0.057,0.2607,0.0
285.13009428977966,DONE,SUPERCAP,1.0,0.964,-0.02,0.2607,0.0
285.4152648448944,DONE,SUPERCAP,1.0,0.963,-0.013,0.2607,0.0
285.6979978084564,DONE,SUPERCAP,1.0,0.967,-0.064,0.2607,0.0
285.9831373691559,DONE,SUPERCAP,1.0,0.968,-0.101,0.2607,0.0
286.2650809288025,DONE,SUPERCAP,1.0,0.961,-0.017,0.2607,0.0
286.5481858253479,DONE,SUPERCAP,1.0,0.965,-0.057,0.2607,0.0
286.83065009117126,DONE,SUPERCAP,1.0,0.963,-0.046,0.2607,0.0
287.1168339252472,DONE,SUPERCAP,1.0,0.964,-0.086,0.2607,0.0
287.39156341552734,DONE,SUPERCAP,1.0,0.963,-0.024,0.2607,0.0
287.6823968887329,DONE,SUPERCAP,1.0,0.969,-0.108,0.2607,0.0
287.9653956890106,DONE,SUPERCAP,1.0,0.962,-0.046,0.2607,0.0
288.2475402355194,DONE,SUPERCAP,1.0,0.966,-0.072,0.2607,0.0
288.53384256362915,DONE,SUPERCAP,1.0,0.964,-0.028,0.2607,0.0
288.81617498397827,DONE,SUPERCAP,1.0,0.964,-0.064,0.2607,0.0
289.0958421230316,DONE,SUPERCAP,1.0,0.963,-0.072,0.2607,0.0
289.37437319755554,DONE,SUPERCAP,1.0,0.968,-0.086,0.2607,0.0
289.6587460041046,DONE,SUPERCAP,1.0,0.967,-0.09,0.2607,0.0
289.9445159435272,DONE,SUPERCAP,1.0,0.962,-0.006,0.2607,0.0
290.23130989074707,DONE,SUPERCAP,1.0,0.968,-0.093,0.2607,0.0
290.5154855251312,DONE,SUPERCAP,1.0,0.964,-0.042,0.2607,0.0
290.79906129837036,DONE,SUPERCAP,1.0,0.964,-0.053,0.2607,0.0
291.0772879123688,DONE,SUPERCAP,1.0,0.964,-0.035,0.2607,0.0
291.364533662796,DONE,SUPERCAP,1.0,0.963,-0.064,0.2607,0.0
291.646448135376,DONE,SUPERCAP,1.0,0.97,-0.126,0.2607,0.0
291.93169951438904,DONE,SUPERCAP,1.0,0.968,-0.104,0.2607,0.0
292.212039232254,DONE,SUPERCAP,1.0,0.963,-0.064,0.2607,0.0
292.495272397995,DONE,SUPERCAP,1.0,0.963,-0.05,0.2607,0.0
292.7815525531769,DONE,SUPERCAP,1.0,0.966,-0.068,0.2607,0.0
293.06431818008423,DONE,SUPERCAP,1.0,0.964,-0.079,0.2607,0.0
293.35101556777954,DONE,SUPERCAP,1.0,0.96,-0.013,0.2607,0.0
293.633455991745,DONE,SUPERCAP,1.0,0.962,-0.035,0.2607,0.0
293.91534662246704,DONE,SUPERCAP,1.0,0.966,-0.112,0.2607,0.0
294.1922035217285,DONE,SUPERCAP,1.0,0.961,-0.009,0.2607,0.0
294.4807164669037,DONE,SUPERCAP,1.0,0.964,-0.064,0.2607,0.0
294.76117038726807,DONE,SUPERCAP,1.0,0.962,-0.05,0.2607,0.0
295.0491328239441,DONE,SUPERCAP,1.0,0.964,-0.082,0.2607,0.0
295.3282310962677,DONE,SUPERCAP,1.0,0.963,-0.042,0.2607,0.0
295.61297512054443,DONE,SUPERCAP,1.0,0.966,-0.104,0.2607,0.0
295.8981513977051,DONE,SUPERCAP,1.0,0.962,-0.05,0.2607,0.0
296.17403531074524,DONE,SUPERCAP,1.0,0.96,-0.064,0.2607,0.0
296.46016573905945,DONE,SUPERCAP,1.0,0.963,-0.082,0.2607,0.0
296.74530243873596,DONE,SUPERCAP,1.0,0.961,-0.046,0.2607,0.0
297.03175687789917,DONE,SUPERCAP,1.0,0.964,-0.072,0.2607,0.0
297.31462955474854,DONE,SUPERCAP,1.0,0.962,-0.072,0.2607,0.0
297.591322183609,DONE,SUPERCAP,1.0,0.962,-0.028,0.2607,0.0
297.87923860549927,DONE,SUPERCAP,1.0,0.965,-0.079,0.2607,0.0
298.1663980484009,DONE,SUPERCAP,1.0,0.968,-0.112,0.2607,0.0
298.4461398124695,DONE,SUPERCAP,1.0,0.964,-0.093,0.2607,0.0
298.7291507720947,DONE,SUPERCAP,1.0,0.963,-0.042,0.2607,0.0
299.0146014690399,DONE,SUPERCAP,1.0,0.967,-0.115,0.2607,0.0
299.29371976852417,DONE,SUPERCAP,1.0,0.965,-0.097,0.2607,0.0
299.5793902873993,DONE,SUPERCAP,1.0,0.961,-0.013,0.2607,0.0
299.86576437950134,DONE,SUPERCAP,1.0,0.965,-0.086,0.2607,0.0
300.14665126800537,DONE,SUPERCAP,1.0,0.963,-0.075,0.2607,0.0
300.4309513568878,DONE,SUPERCAP,1.0,0.96,-0.02,0.2607,0.0
300.7155225276947,DONE,SUPERCAP,1.0,0.963,-0.039,0.2607,0.0
300.9878749847412,DONE,SUPERCAP,1.0,0.965,-0.064,0.2607,0.0
301.28157091140747,DONE,SUPERCAP,1.0,0.966,-0.108,0.2607,0.0
301.5662968158722,DONE,SUPERCAP,1.0,0.963,-0.072,0.2607,0.0
301.848060131073,DONE,SUPERCAP,1.0,0.958,-0.042,0.2607,0.0
302.1299822330475,DONE,SUPERCAP,1.0,0.96,-0.035,0.2607,0.0
302.41352796554565,DONE,SUPERCAP,1.0,0.966,-0.126,0.2607,0.0
302.6968660354614,DONE,SUPERCAP,1.0,0.962,-0.068,0.2607,0.0
302.97882604599,DONE,SUPERCAP,1.0,0.962,-0.061,0.2607,0.0
303.2623965740204,DONE,SUPERCAP,1.0,0.963,-0.082,0.2607,0.0
303.5450668334961,DONE,SUPERCAP,1.0,0.96,0.009,0.2607,0.0
303.8328733444214,DONE,SUPERCAP,1.0,0.965,-0.09,0.2607,0.0
304.1079022884369,DONE,SUPERCAP,1.0,0.964,-0.064,0.2607,0.0
304.39780473709106,DONE,SUPERCAP,1.0,0.959,0.005,0.2607,0.0
304.6736238002777,DONE,SUPERCAP,1.0,0.958,-0.013,0.2607,0.0
304.9642355442047,DONE,SUPERCAP,1.0,0.961,-0.072,0.2607,0.0
305.24340534210205,DONE,SUPERCAP,1.0,0.964,-0.068,0.2607,0.0
305.5305516719818,DONE,SUPERCAP,1.0,0.962,-0.082,0.2607,0.0
305.81335282325745,DONE,SUPERCAP,1.0,0.961,-0.072,0.2607,0.0
306.09241008758545,DONE,SUPERCAP,1.0,0.963,-0.072,0.2607,0.0
306.38335371017456,DONE,SUPERCAP,1.0,0.963,-0.079,0.2607,0.0
306.6618540287018,DONE,SUPERCAP,1.0,0.961,-0.024,0.2607,0.0
306.94829058647156,DONE,SUPERCAP,1.0,0.964,-0.079,0.2607,0.0
307.22651648521423,DONE,SUPERCAP,1.0,0.966,-0.057,0.2607,0.0
307.50410079956055,DONE,SUPERCAP,1.0,0.957,-0.009,0.2607,0.0
307.7954602241516,DONE,SUPERCAP,1.0,0.967,-0.097,0.2607,0.0
308.08295130729675,DONE,SUPERCAP,1.0,0.959,-0.053,0.2607,0.0
308.3571791648865,DONE,SUPERCAP,1.0,0.961,-0.046,0.2607,0.0
308.6464240550995,DONE,SUPERCAP,1.0,0.967,-0.108,0.2607,0.0
308.9307403564453,DONE,SUPERCAP,1.0,0.958,-0.046,0.2607,0.0
309.2139196395874,DONE,SUPERCAP,1.0,0.96,-0.035,0.2607,0.0
309.49754095077515,DONE,SUPERCAP,1.0,0.959,-0.028,0.2607,0.0
309.78132343292236,DONE,SUPERCAP,1.0,0.96,-0.061,0.2607,0.0
310.06145119667053,DONE,SUPERCAP,1.0,0.956,0.02,0.2607,0.0
310.3388478755951,DONE,SUPERCAP,1.0,0.958,-0.031,0.2607,0.0
310.6228950023651,DONE,SUPERCAP,1.0,0.956,-0.031,0.2607,0.0
310.91572999954224,DONE,SUPERCAP,1.0,0.964,-0.126,0.2607,0.0
311.20045924186707,DONE,SUPERCAP,1.0,0.96,-0.068,0.2607,0.0
311.47586965560913,DONE,SUPERCAP,1.0,0.959,-0.072,0.2607,0.0
311.7675585746765,DONE,SUPERCAP,1.0,0.962,-0.086,0.2607,0.0
312.0479712486267,DONE,SUPERCAP,1.0,0.963,-0.053,0.2607,0.0
312.33019375801086,DONE,SUPERCAP,1.0,0.961,-0.061,0.2607,0.0
312.6126823425293,DONE,SUPERCAP,1.0,0.958,-0.02,0.2607,0.0
312.8990716934204,DONE,SUPERCAP,1.0,0.961,-0.039,0.2607,0.0
313.1819496154785,DONE,SUPERCAP,1.0,0.962,-0.097,0.2607,0.0
313.45787715911865,DONE,SUPERCAP,1.0,0.959,-0.035,0.2607,0.0
313.74712109565735,DONE,SUPERCAP,1.0,0.959,-0.039,0.2607,0.0
314.0257387161255,DONE,SUPERCAP,1.0,0.959,-0.046,0.2607,0.0
314.3158218860626,DONE,SUPERCAP,1.0,0.957,-0.02,0.2607,0.0
314.5921959877014,DONE,SUPERCAP,1.0,0.963,-0.075,0.2607,0.0
314.87398505210876,DONE,SUPERCAP,1.0,0.964,-0.123,0.2607,0.0
315.1642928123474,DONE,SUPERCAP,1.0,0.957,-0.061,0.2607,0.0
315.44321036338806,DONE,SUPERCAP,1.0,0.954,-0.006,0.2607,0.0
315.73363852500916,DONE,SUPERCAP,1.0,0.957,0.016,0.2607,0.0
316.01305985450745,DONE,SUPERCAP,1.0,0.965,-0.09,0.2607,0.0
316.29394125938416,DONE,SUPERCAP,1.0,0.959,-0.046,0.2607,0.0
316.5803825855255,DONE,SUPERCAP,1.0,0.956,-0.017,0.2607,0.0
316.86341166496277,DONE,SUPERCAP,1.0,0.958,-0.046,0.2607,0.0
317.1478645801544,DONE,SUPERCAP,1.0,0.957,-0.046,0.2607,0.0
317.4244680404663,DONE,SUPERCAP,1.0,0.965,-0.119,0.2607,0.0
317.715678691864,DONE,SUPERCAP,1.0,0.96,-0.093,0.2607,0.0
317.9940342903137,DONE,SUPERCAP,1.0,0.957,-0.039,0.2607,0.0
318.27935886383057,DONE,SUPERCAP,1.0,0.961,-0.075,0.2607,0.0
318.56325912475586,DONE,SUPERCAP,1.0,0.961,-0.05,0.2607,0.0
318.8457043170929,DONE,SUPERCAP,1.0,0.963,-0.101,0.2607,0.0
319.1328854560852,DONE,SUPERCAP,1.0,0.956,0.001,0.2607,0.0
319.4135136604309,DONE,SUPERCAP,1.0,0.959,-0.064,0.2607,0.0
319.69436168670654,DONE,SUPERCAP,1.0,0.957,-0.028,0.2607,0.0
319.9768099784851,DONE,SUPERCAP,1.0,0.964,-0.108,0.2607,0.0
320.25787591934204,DONE,SUPERCAP,1.0,0.958,-0.039,0.2607,0.0
320.5455107688904,DONE,SUPERCAP,1.0,0.962,-0.064,0.2607,0.0
320.83258509635925,DONE,SUPERCAP,1.0,0.963,-0.072,0.2607,0.0
321.1152493953705,DONE,SUPERCAP,1.0,0.958,-0.05,0.2607,0.0
321.39784717559814,DONE,SUPERCAP,1.0,0.958,-0.05,0.2607,0.0
321.6753787994385,DONE,SUPERCAP,1.0,0.961,-0.061,0.2607,0.0
321.9596540927887,DONE,SUPERCAP,1.0,0.961,-0.079,0.2607,0.0
322.24931502342224,DONE,SUPERCAP,1.0,0.955,-0.006,0.2607,0.0
322.53239011764526,DONE,SUPERCAP,1.0,0.958,-0.064,0.2607,0.0
322.81501030921936,DONE,SUPERCAP,1.0,0.956,0.001,0.2607,0.0
323.096843957901,DONE,SUPERCAP,1.0,0.959,-0.035,0.2607,0.0
323.37692499160767,DONE,SUPERCAP,1.0,0.962,-0.072,0.2607,0.0
323.656857252121,DONE,SUPERCAP,1.0,0.959,-0.079,0.2607,0.0
323.9536964893341,WAIT_TGT,SUPERCAP,1.0,0.959,-0.064,0.2607,0.0
324.233540058136,WAIT_TGT,SUPERCAP,1.0,0.96,-0.039,0.2607,0.0
324.5224418640137,WAIT_TGT,SUPERCAP,1.0,0.959,-0.068,0.2607,0.0
324.80146074295044,WAIT_TGT,SUPERCAP,1.0,0.955,-0.046,0.2607,0.0
325.0873701572418,WAIT_TGT,SUPERCAP,1.0,0.958,-0.075,0.2607,0.0
325.3709614276886,WAIT_TGT,SUPERCAP,1.0,0.958,-0.086,0.2607,0.0
325.6525893211365,WAIT_TGT,SUPERCAP,1.0,0.96,-0.046,0.2607,0.0
325.93370389938354,WAIT_TGT,SUPERCAP,1.0,0.963,-0.126,0.2607,0.0
326.22290444374084,WAIT_TGT,SUPERCAP,1.0,0.956,-0.02,0.2607,0.0
326.5065281391144,WAIT_TGT,SUPERCAP,1.0,0.96,-0.097,0.2607,0.0
326.7873332500458,WAIT_TGT,SUPERCAP,1.0,0.962,-0.097,0.2607,0.0
327.0745358467102,WAIT_TGT,SUPERCAP,1.0,0.959,-0.093,0.2607,0.0
327.35373091697693,WAIT_TGT,SUPERCAP,1.0,0.957,-0.028,0.2607,0.0
327.63970732688904,WAIT_TGT,SUPERCAP,1.0,0.959,-0.039,0.2607,0.0
327.9227340221405,WAIT_TGT,SUPERCAP,1.0,0.957,-0.024,0.2607,0.0
328.19577264785767,WAIT_TGT,SUPERCAP,1.0,0.957,-0.057,0.2607,0.0
328.4867904186249,WAIT_TGT,SUPERCAP,1.0,0.956,-0.02,0.2607,0.0
328.7667329311371,WAIT_TGT,SUPERCAP,1.0,0.957,-0.042,0.2607,0.0
329.05486035346985,WAIT_TGT,SUPERCAP,1.0,0.956,-0.039,0.2607,0.0
329.3396534919739,WAIT_TGT,SUPERCAP,1.0,0.961,-0.112,0.2607,0.0
329.61871910095215,WAIT_TGT,SUPERCAP,1.0,0.96,-0.075,0.2607,0.0
329.90693402290344,WAIT_TGT,SUPERCAP,1.0,0.953,-0.053,0.2607,0.0
330.19187784194946,WAIT_TGT,SUPERCAP,1.0,0.958,-0.064,0.2607,0.0
330.46960401535034,WAIT_TGT,SUPERCAP,1.0,0.958,-0.086,0.2607,0.0
330.7564241886139,WAIT_TGT,SUPERCAP,1.0,0.959,-0.079,0.2607,0.0
331.0390088558197,WAIT_TGT,SUPERCAP,1.0,0.958,-0.046,0.2607,0.0
331.32195806503296,WAIT_TGT,SUPERCAP,1.0,0.959,-0.053,0.2607,0.0
331.60636615753174,WAIT_TGT,SUPERCAP,1.0,0.958,-0.072,0.2607,0.0
331.8846118450165,WAIT_TGT,SUPERCAP,1.0,0.959,-0.093,0.2607,0.0
332.1994514465332,WAIT_TGT,SUPERCAP,1.0,0.958,-0.079,0.2607,0.0
332.4502775669098,WAIT_TGT,SUPERCAP,1.0,0.954,-0.035,0.2607,0.0
332.7385959625244,WAIT_TGT,SUPERCAP,1.0,0.96,-0.104,0.2607,0.0
333.0151011943817,WAIT_TGT,SUPERCAP,1.0,0.963,-0.09,0.2607,0.0
333.3012955188751,WAIT_TGT,SUPERCAP,1.0,0.957,-0.064,0.2607,0.0
333.5832223892212,WAIT_TGT,SUPERCAP,1.0,0.958,-0.108,0.2607,0.0
333.8694431781769,WAIT_TGT,SUPERCAP,1.0,0.956,-0.061,0.2607,0.0
334.1492586135864,WAIT_TGT,SUPERCAP,1.0,0.959,-0.09,0.2607,0.0
334.4328179359436,WAIT_TGT,SUPERCAP,1.0,0.959,-0.064,0.2607,0.0
334.71737003326416,WAIT_TGT,SUPERCAP,1.0,0.958,-0.097,0.2607,0.0
334.99870562553406,WAIT_TGT,SUPERCAP,1.0,0.953,-0.002,0.2607,0.0
335.2869806289673,WAIT_TGT,SUPERCAP,1.0,0.957,-0.068,0.2607,0.0
335.56740403175354,WAIT_TGT,SUPERCAP,1.0,0.959,-0.115,0.2607,0.0
335.85569977760315,WAIT_TGT,SUPERCAP,1.0,0.96,-0.082,0.2607,0.0
336.14203333854675,WAIT_TGT,SUPERCAP,1.0,0.961,-0.097,0.2607,0.0
336.42072653770447,WAIT_TGT,SUPERCAP,1.0,0.959,-0.072,0.2607,0.0
336.70771861076355,WAIT_TGT,SUPERCAP,1.0,0.958,-0.09,0.2607,0.0
336.988299369812,WAIT_TGT,SUPERCAP,1.0,0.953,0.005,0.2607,0.0
337.2713804244995,WAIT_TGT,SUPERCAP,1.0,0.953,-0.046,0.2607,0.0
337.5467219352722,WAIT_TGT,SUPERCAP,1.0,0.955,-0.017,0.2607,0.0
337.84151816368103,WAIT_TGT,SUPERCAP,1.0,0.954,-0.075,0.2607,0.0
338.12068939208984,WAIT_TGT,SUPERCAP,1.0,0.956,-0.057,0.2607,0.0
338.4025709629059,WAIT_TGT,SUPERCAP,1.0,0.959,-0.093,0.2607,0.0
338.68642473220825,WAIT_TGT,SUPERCAP,1.0,0.953,-0.05,0.2607,0.0
338.9725499153137,WAIT_TGT,SUPERCAP,1.0,0.952,-0.006,0.2607,0.0
339.252818107605,WAIT_TGT,SUPERCAP,1.0,0.955,-0.05,0.2607,0.0
339.5416886806488,WAIT_TGT,SUPERCAP,1.0,0.957,-0.053,0.2607,0.0
339.83162212371826,WAIT_TGT,SUPERCAP,1.0,0.952,-0.02,0.2607,0.0
340.11453771591187,WAIT_TGT,SUPERCAP,1.0,0.953,-0.061,0.2607,0.0
340.390878200531,WAIT_TGT,SUPERCAP,1.0,0.953,0.005,0.2607,0.0
340.682000875473,WAIT_TGT,SUPERCAP,1.0,0.956,-0.039,0.2607,0.0
340.9638214111328,WAIT_TGT,SUPERCAP,1.0,0.957,-0.09,0.2607,0.0
341.24618101119995,WAIT_TGT,SUPERCAP,1.0,0.955,-0.053,0.2607,0.0
341.5323624610901,WAIT_TGT,SUPERCAP,1.0,0.951,-0.009,0.2607,0.0
341.81496691703796,WAIT_TGT,SUPERCAP,1.0,0.954,-0.028,0.2607,0.0
342.09679436683655,WAIT_TGT,SUPERCAP,1.0,0.952,-0.024,0.2607,0.0
342.38036942481995,WAIT_TGT,SUPERCAP,1.0,0.956,-0.039,0.2607,0.0
342.6630699634552,WAIT_TGT,SUPERCAP,1.0,0.96,-0.09,0.2607,0.0
342.94522976875305,WAIT_TGT,SUPERCAP,1.0,0.954,-0.082,0.2607,0.0
343.2260239124298,WAIT_TGT,SUPERCAP,1.0,0.956,-0.039,0.2607,0.0
343.51531767845154,WAIT_TGT,SUPERCAP,1.0,0.954,-0.064,0.2607,0.0
343.79687690734863,WAIT_TGT,SUPERCAP,1.0,0.956,-0.031,0.2607,0.0
344.080246925354,WAIT_TGT,SUPERCAP,1.0,0.955,-0.061,0.2607,0.0
344.36495780944824,WAIT_TGT,SUPERCAP,1.0,0.957,-0.068,0.2607,0.0
344.6457769870758,WAIT_TGT,SUPERCAP,1.0,0.959,-0.119,0.2607,0.0
344.92978501319885,WAIT_TGT,SUPERCAP,1.0,0.953,-0.042,0.2607,0.0
345.2156631946564,WAIT_TGT,SUPERCAP,1.0,0.958,-0.093,0.2607,0.0
345.4973101615906,WAIT_TGT,SUPERCAP,1.0,0.958,-0.082,0.2607,0.0
345.7799870967865,WAIT_TGT,SUPERCAP,1.0,0.959,-0.115,0.2607,0.0
346.06497263908386,WAIT_TGT,SUPERCAP,1.0,0.957,-0.09,0.2607,0.0
346.3451998233795,WAIT_TGT,SUPERCAP,1.0,0.956,-0.053,0.2607,0.0
346.63089299201965,WAIT_TGT,SUPERCAP,1.0,0.953,-0.061,0.2607,0.0
346.9082329273224,WAIT_TGT,SUPERCAP,1.0,0.957,-0.068,0.2607,0.0
347.1926200389862,WAIT_TGT,SUPERCAP,1.0,0.955,-0.031,0.2607,0.0
347.4833981990814,WAIT_TGT,SUPERCAP,1.0,0.955,-0.057,0.2607,0.0
347.76508378982544,WAIT_TGT,SUPERCAP,1.0,0.955,-0.068,0.2607,0.0
348.04754853248596,WAIT_TGT,SUPERCAP,1.0,0.961,-0.101,0.2607,0.0
348.3327543735504,WAIT_TGT,SUPERCAP,1.0,0.953,-0.079,0.2607,0.0
348.6172788143158,WAIT_TGT,SUPERCAP,1.0,0.959,-0.112,0.2607,0.0
348.8938708305359,WAIT_TGT,SUPERCAP,1.0,0.957,-0.035,0.2607,0.0
349.1793324947357,WAIT_TGT,SUPERCAP,1.0,0.954,-0.042,0.2607,0.0
349.4656870365143,WAIT_TGT,SUPERCAP,1.0,0.953,-0.017,0.2607,0.0
349.74690651893616,WAIT_TGT,SUPERCAP,1.0,0.954,-0.064,0.2607,0.0
350.0347967147827,WAIT_TGT,SUPERCAP,1.0,0.957,-0.093,0.2607,0.0
350.3138632774353,WAIT_TGT,SUPERCAP,1.0,0.953,-0.057,0.2607,0.0
350.5951018333435,WAIT_TGT,SUPERCAP,1.0,0.953,-0.013,0.2607,0.0
350.8851330280304,WAIT_TGT,SUPERCAP,1.0,0.952,-0.057,0.2607,0.0
351.16518092155457,WAIT_TGT,SUPERCAP,1.0,0.957,-0.097,0.2607,0.0
351.4525372982025,WAIT_TGT,SUPERCAP,1.0,0.954,-0.086,0.2607,0.0
351.7343633174896,WAIT_TGT,SUPERCAP,1.0,0.957,-0.108,0.2607,0.0
352.017352104187,WAIT_TGT,SUPERCAP,1.0,0.96,-0.145,0.2607,0.0
352.3001391887665,WAIT_TGT,SUPERCAP,1.0,0.952,-0.064,0.2607,0.0
352.57857298851013,WAIT_TGT,SUPERCAP,1.0,0.949,-0.002,0.2607,0.0
352.86926078796387,WAIT_TGT,SUPERCAP,1.0,0.954,-0.061,0.2607,0.0
353.1519560813904,WAIT_TGT,SUPERCAP,1.0,0.953,-0.028,0.2607,0.0
353.4252345561981,WAIT_TGT,SUPERCAP,1.0,0.953,-0.028,0.2607,0.0
353.7169289588928,WAIT_TGT,SUPERCAP,1.0,0.956,-0.086,0.2607,0.0
353.9969708919525,WAIT_TGT,SUPERCAP,1.0,0.956,-0.075,0.2607,0.0
354.28189754486084,WAIT_TGT,SUPERCAP,1.0,0.955,-0.093,0.2607,0.0
354.56285667419434,WAIT_TGT,SUPERCAP,1.0,0.958,-0.093,0.2607,0.0
354.8516342639923,WAIT_TGT,SUPERCAP,1.0,0.954,-0.061,0.2607,0.0
355.1293909549713,WAIT_TGT,SUPERCAP,1.0,0.954,-0.05,0.2607,0.0
355.40745663642883,WAIT_TGT,SUPERCAP,1.0,0.959,-0.123,0.2607,0.0
355.6997718811035,WAIT_TGT,SUPERCAP,1.0,0.952,-0.013,0.2607,0.0
355.98414516448975,WAIT_TGT,SUPERCAP,1.0,0.95,-0.039,0.2607,0.0
356.26891112327576,WAIT_TGT,SUPERCAP,1.0,0.95,-0.035,0.2607,0.0
356.55136942863464,WAIT_TGT,SUPERCAP,1.0,0.954,-0.068,0.2607,0.0
356.83472084999084,WAIT_TGT,SUPERCAP,1.0,0.948,0.005,0.2607,0.0
357.1165919303894,WAIT_TGT,SUPERCAP,1.0,0.955,-0.072,0.2607,0.0
357.39471101760864,WAIT_TGT,SUPERCAP,1.0,0.948,-0.013,0.2607,0.0
357.6854655742645,WAIT_TGT,SUPERCAP,1.0,0.953,-0.075,0.2607,0.0
357.96853256225586,WAIT_TGT,SUPERCAP,1.0,0.949,0.012,0.2607,0.0
358.2519371509552,WAIT_TGT,SUPERCAP,1.0,0.952,-0.031,0.2607,0.0
358.534615278244,WAIT_TGT,SUPERCAP,1.0,0.952,-0.039,0.2607,0.0
358.82041478157043,WAIT_TGT,SUPERCAP,1.0,0.956,-0.09,0.2607,0.0
359.1037006378174,WAIT_TGT,SUPERCAP,1.0,0.952,-0.075,0.2607,0.0
359.38516998291016,WAIT_TGT,SUPERCAP,1.0,0.949,-0.017,0.2607,0.0
359.6648836135864,WAIT_TGT,SUPERCAP,1.0,0.951,-0.057,0.2607,0.0
359.9516382217407,WAIT_TGT,SUPERCAP,1.0,0.956,-0.068,0.2607,0.0
360.2364408969879,WAIT_TGT,SUPERCAP,1.0,0.949,0.001,0.2607,0.0
360.51410007476807,WAIT_TGT,SUPERCAP,1.0,0.951,-0.046,0.2607,0.0
360.8032736778259,WAIT_TGT,SUPERCAP,1.0,0.951,-0.009,0.2607,0.0
361.08491492271423,WAIT_TGT,SUPERCAP,1.0,0.952,-0.064,0.2607,0.0
361.3683190345764,WAIT_TGT,SUPERCAP,1.0,0.956,-0.079,0.2607,0.0
361.65156531333923,WAIT_TGT,SUPERCAP,1.0,0.949,-0.035,0.2607,0.0
361.9351177215576,WAIT_TGT,SUPERCAP,1.0,0.956,-0.086,0.2607,0.0
362.219366312027,WAIT_TGT,SUPERCAP,1.0,0.948,-0.013,0.2607,0.0
362.4948468208313,WAIT_TGT,SUPERCAP,1.0,0.952,-0.068,0.2607,0.0
362.7861633300781,WAIT_TGT,SUPERCAP,1.0,0.95,0.009,0.2607,0.0
363.06709337234497,WAIT_TGT,SUPERCAP,1.0,0.953,-0.053,0.2607,0.0
363.3505599498749,WAIT_TGT,SUPERCAP,1.0,0.951,-0.031,0.2607,0.0
363.6328196525574,WAIT_TGT,SUPERCAP,1.0,0.955,-0.061,0.2607,0.0
363.91466546058655,WAIT_TGT,SUPERCAP,1.0,0.952,-0.082,0.2607,0.0
364.1958866119385,WAIT_TGT,SUPERCAP,1.0,0.95,0.001,0.2607,0.0
364.485111951828,WAIT_TGT,SUPERCAP,1.0,0.956,-0.079,0.2607,0.0
364.76751041412354,WAIT_TGT,SUPERCAP,1.0,0.955,-0.068,0.2607,0.0
365.05004262924194,WAIT_TGT,SUPERCAP,1.0,0.948,-0.009,0.2607,0.0
365.33608770370483,WAIT_TGT,SUPERCAP,1.0,0.951,-0.057,0.2607,0.0
365.61925053596497,WAIT_TGT,SUPERCAP,1.0,0.951,-0.057,0.2607,0.0
365.8998131752014,WAIT_TGT,SUPERCAP,1.0,0.952,-0.057,0.2607,0.0
366.18461441993713,WAIT_TGT,SUPERCAP,1.0,0.952,-0.05,0.2607,0.0
366.4653182029724,WAIT_TGT,SUPERCAP,1.0,0.955,-0.09,0.2607,0.0
366.75379061698914,WAIT_TGT,SUPERCAP,1.0,0.953,-0.068,0.2607,0.0
367.0363223552704,WAIT_TGT,SUPERCAP,1.0,0.95,-0.061,0.2607,0.0
367.3167345523834,WAIT_TGT,SUPERCAP,1.0,0.949,-0.061,0.2607,0.0
367.60154032707214,WAIT_TGT,SUPERCAP,1.0,0.952,-0.072,0.2607,0.0
367.8785517215729,WAIT_TGT,SUPERCAP,1.0,0.948,-0.024,0.2607,0.0
368.17065691947937,WAIT_TGT,SUPERCAP,1.0,0.952,-0.064,0.2607,0.0
368.4534685611725,WAIT_TGT,SUPERCAP,1.0,0.953,-0.09,0.2607,0.0
368.7289893627167,WAIT_TGT,SUPERCAP,1.0,0.95,-0.02,0.2607,0.0
369.0168149471283,WAIT_TGT,SUPERCAP,1.0,0.951,-0.068,0.2607,0.0
369.3012697696686,WAIT_TGT,SUPERCAP,1.0,0.954,-0.09,0.2607,0.0
369.5864462852478,WAIT_TGT,SUPERCAP,1.0,0.952,-0.031,0.2607,0.0
369.8719882965088,WAIT_TGT,SUPERCAP,1.0,0.95,-0.05,0.2607,0.0
370.15330696105957,WAIT_TGT,SUPERCAP,1.0,0.952,-0.072,0.2607,0.0
370.4286513328552,WAIT_TGT,SUPERCAP,1.0,0.948,-0.042,0.2607,0.0
370.71818828582764,WAIT_TGT,SUPERCAP,1.0,0.947,0.005,0.2607,0.0
371.001216173172,WAIT_TGT,SUPERCAP,1.0,0.948,-0.031,0.2607,0.0
371.28377079963684,WAIT_TGT,SUPERCAP,1.0,0.947,-0.006,0.2607,0.0
371.56527757644653,WAIT_TGT,SUPERCAP,1.0,0.953,-0.09,0.2607,0.0
371.8545415401459,WAIT_TGT,SUPERCAP,1.0,0.954,-0.079,0.2607,0.0
372.13514828681946,WAIT_TGT,SUPERCAP,1.0,0.949,-0.042,0.2607,0.0
372.4185366630554,WAIT_TGT,SUPERCAP,1.0,0.949,-0.009,0.2607,0.0
372.7024247646332,WAIT_TGT,SUPERCAP,1.0,0.955,-0.108,0.2607,0.0
372.9875235557556,WAIT_TGT,SUPERCAP,1.0,0.952,-0.104,0.2607,0.0
373.26446175575256,WAIT_TGT,SUPERCAP,1.0,0.95,-0.061,0.2607,0.0
373.55266857147217,WAIT_TGT,SUPERCAP,1.0,0.954,-0.086,0.2607,0.0
373.838698387146,WAIT_TGT,SUPERCAP,1.0,0.952,-0.086,0.2607,0.0
374.1217141151428,WAIT_TGT,SUPERCAP,1.0,0.953,-0.075,0.2607,0.0
374.40463733673096,WAIT_TGT,SUPERCAP,1.0,0.952,-0.072,0.2607,0.0
374.6866261959076,WAIT_TGT,SUPERCAP,1.0,0.953,-0.097,0.2607,0.0
374.96974658966064,WAIT_TGT,SUPERCAP,1.0,0.95,-0.086,0.2607,0.0
375.2560954093933,WAIT_TGT,SUPERCAP,1.0,0.948,-0.024,0.2607,0.0
375.53872442245483,WAIT_TGT,SUPERCAP,1.0,0.949,-0.068,0.2607,0.0
375.82153129577637,WAIT_TGT,SUPERCAP,1.0,0.949,-0.009,0.2607,0.0
376.1043462753296,WAIT_TGT,SUPERCAP,1.0,0.955,-0.072,0.2607,0.0
376.37938141822815,WAIT_TGT,SUPERCAP,1.0,0.949,-0.046,0.2607,0.0
376.66267800331116,WAIT_TGT,SUPERCAP,1.0,0.948,-0.013,0.2607,0.0
376.9557385444641,WAIT_TGT,SUPERCAP,1.0,0.952,-0.061,0.2607,0.0
377.2313301563263,WAIT_TGT,SUPERCAP,1.0,0.946,-0.002,0.2607,0.0
377.52130675315857,WAIT_TGT,SUPERCAP,1.0,0.948,-0.053,0.2607,0.0
377.8041787147522,WAIT_TGT,SUPERCAP,1.0,0.948,-0.053,0.2607,0.0
378.08029961586,WAIT_TGT,SUPERCAP,1.0,0.952,-0.068,0.2607,0.0
378.36947989463806,WAIT_TGT,SUPERCAP,1.0,0.952,-0.068,0.2607,0.0
378.65461897850037,WAIT_TGT,SUPERCAP,1.0,0.954,-0.093,0.2607,0.0
378.9375264644623,WAIT_TGT,SUPERCAP,1.0,0.949,-0.075,0.2607,0.0
379.22172498703003,WAIT_TGT,SUPERCAP,1.0,0.948,-0.017,0.2607,0.0
379.5033919811249,WAIT_TGT,SUPERCAP,1.0,0.952,-0.068,0.2607,0.0
379.7904005050659,WAIT_TGT,SUPERCAP,1.0,0.946,-0.05,0.2607,0.0
380.07291865348816,WAIT_TGT,SUPERCAP,1.0,0.951,-0.086,0.2607,0.0
380.3526463508606,WAIT_TGT,SUPERCAP,1.0,0.953,-0.093,0.2607,0.0
380.6311526298523,WAIT_TGT,SUPERCAP,1.0,0.946,-0.064,0.2607,0.0
380.92076539993286,WAIT_TGT,SUPERCAP,1.0,0.944,-0.035,0.2607,0.0
381.203626871109,WAIT_TGT,SUPERCAP,1.0,0.951,-0.072,0.2607,0.0
381.484765291214,WAIT_TGT,SUPERCAP,1.0,0.956,-0.119,0.2607,0.0
381.7738344669342,IDLE,SUPERCAP,1.5,0.948,-0.064,0.0,0.0
382.0578718185425,IDLE,SUPERCAP,1.5,0.949,-0.046,0.0,0.0
382.34125900268555,IDLE,SUPERCAP,1.5,0.95,-0.05,0.0,0.0
382.6261646747589,IDLE,SUPERCAP,1.5,0.955,-0.126,0.0,0.0
382.8993470668793,IDLE,SUPERCAP,1.5,0.951,-0.072,0.0,0.0
383.1897211074829,IDLE,SUPERCAP,1.5,0.951,-0.042,0.0,0.0
383.47572112083435,CHARGING,SUPERCAP,1.5,0.958,8.199,0.0005,0.0
383.74955010414124,CHARGING,SUPERCAP,1.5,0.961,8.167,0.0012,0.0
384.0411579608917,CHARGING,SUPERCAP,1.5,0.961,8.199,0.0018,0.0
384.32715821266174,CHARGING,SUPERCAP,1.5,0.966,8.17,0.0025,0.0
384.60661244392395,CHARGING,SUPERCAP,1.5,0.968,8.188,0.0031,0.0
384.89363980293274,CHARGING,SUPERCAP,1.5,0.971,8.174,0.0038,0.0
385.1761510372162,CHARGING,SUPERCAP,1.5,0.972,8.192,0.0044,0.0
385.45541620254517,CHARGING,SUPERCAP,1.5,0.974,8.207,0.0051,0.0
385.74460792541504,CHARGING,SUPERCAP,1.5,0.977,8.185,0.0057,0.0
386.0283522605896,CHARGING,SUPERCAP,1.5,0.982,8.163,0.0064,0.0
386.3129322528839,CHARGING,SUPERCAP,1.5,0.985,8.141,0.007,0.0
386.5972898006439,CHARGING,SUPERCAP,1.5,0.986,8.181,0.0076,0.0
386.88026690483093,CHARGING,SUPERCAP,1.5,0.984,8.207,0.0083,0.0
387.16634488105774,CHARGING,SUPERCAP,1.5,0.99,8.192,0.0089,0.0
387.449245929718,CHARGING,SUPERCAP,1.5,0.991,8.181,0.0096,0.0
387.73200607299805,CHARGING,SUPERCAP,1.5,0.994,8.207,0.0102,0.0
388.0140390396118,CHARGING,SUPERCAP,1.5,0.996,8.192,0.0109,0.0
388.2949130535126,CHARGING,SUPERCAP,1.5,1.0,8.203,0.0115,0.0
388.58476638793945,CHARGING,SUPERCAP,1.5,1.002,8.188,0.0122,0.0
388.8656485080719,CHARGING,SUPERCAP,1.5,1.005,8.163,0.0128,0.0
389.1499545574188,CHARGING,SUPERCAP,1.5,1.008,8.177,0.0135,0.0
389.43488454818726,CHARGING,SUPERCAP,1.5,1.008,8.192,0.0141,0.0
389.7095322608948,CHARGING,SUPERCAP,1.5,1.011,8.188,0.0148,0.0
390.0002017021179,CHARGING,SUPERCAP,1.5,1.014,8.196,0.0154,0.0
390.27919030189514,CHARGING,SUPERCAP,1.5,1.015,8.21,0.0161,0.0
390.57111263275146,CHARGING,SUPERCAP,1.5,1.019,8.188,0.0167,0.0
390.8524384498596,CHARGING,SUPERCAP,1.5,1.021,8.177,0.0173,0.0
391.1345405578613,CHARGING,SUPERCAP,1.5,1.022,8.196,0.018,0.0
391.4197235107422,CHARGING,SUPERCAP,1.5,1.026,8.181,0.0186,0.0
391.70544266700745,CHARGING,SUPERCAP,1.5,1.03,8.167,0.0193,0.0
391.98765659332275,CHARGING,SUPERCAP,1.5,1.029,8.218,0.0199,0.0
392.27087593078613,CHARGING,SUPERCAP,1.5,1.034,8.17,0.0206,0.0
392.556072473526,CHARGING,SUPERCAP,1.5,1.034,8.177,0.0212,0.0
392.8394515514374,CHARGING,SUPERCAP,1.5,1.036,8.177,0.0219,0.0
393.1226408481598,CHARGING,SUPERCAP,1.5,1.042,8.159,0.0225,0.0
393.4084532260895,CHARGING,SUPERCAP,1.5,1.044,8.167,0.0232,0.0
393.6914167404175,CHARGING,SUPERCAP,1.5,1.044,8.17,0.0238,0.0
393.9726519584656,CHARGING,SUPERCAP,1.5,1.046,8.203,0.0245,0.0
394.25370168685913,CHARGING,SUPERCAP,1.5,1.047,8.181,0.0251,0.0
394.5392553806305,CHARGING,SUPERCAP,1.5,1.052,8.163,0.0258,0.0
394.8220419883728,CHARGING,SUPERCAP,1.5,1.054,8.192,0.0264,0.0
395.1084053516388,CHARGING,SUPERCAP,1.5,1.057,8.167,0.027,0.0
395.39127922058105,CHARGING,SUPERCAP,1.5,1.059,8.181,0.0277,0.0
395.67408084869385,CHARGING,SUPERCAP,1.5,1.061,8.152,0.0283,0.0
395.9602587223053,CHARGING,SUPERCAP,1.5,1.064,8.185,0.029,0.0
396.24357318878174,CHARGING,SUPERCAP,1.5,1.065,8.192,0.0296,0.0
396.5300967693329,CHARGING,SUPERCAP,1.5,1.067,8.163,0.0303,0.0
396.8059506416321,CHARGING,SUPERCAP,1.5,1.071,8.196,0.0309,0.0
397.0948076248169,CHARGING,SUPERCAP,1.5,1.074,8.167,0.0316,0.0
397.37849140167236,CHARGING,SUPERCAP,1.5,1.074,8.196,0.0322,0.0
397.6636917591095,CHARGING,SUPERCAP,1.5,1.078,8.174,0.0329,0.0
397.9422872066498,CHARGING,SUPERCAP,1.5,1.079,8.167,0.0335,0.0
398.2301561832428,CHARGING,SUPERCAP,1.5,1.082,8.196,0.0342,0.0
398.51194882392883,CHARGING,SUPERCAP,1.5,1.086,8.159,0.0348,0.0
398.79915475845337,CHARGING,SUPERCAP,1.5,1.087,8.196,0.0355,0.0
399.07417726516724,CHARGING,SUPERCAP,1.5,1.089,8.192,0.0361,0.0
399.36390924453735,CHARGING,SUPERCAP,1.5,1.09,8.199,0.0367,0.0
399.65101313591003,CHARGING,SUPERCAP,1.5,1.093,8.196,0.0374,0.0
399.93368005752563,CHARGING,SUPERCAP,1.5,1.095,8.181,0.038,0.0
400.2147183418274,CHARGING,SUPERCAP,1.5,1.098,8.177,0.0387,0.0
400.4986493587494,CHARGING,SUPERCAP,1.5,1.101,8.185,0.0393,0.0
400.7847330570221,CHARGING,SUPERCAP,1.5,1.103,8.199,0.04,0.0
401.0634047985077,CHARGING,SUPERCAP,1.5,1.103,8.203,0.0406,0.0
401.3510491847992,CHARGING,SUPERCAP,1.5,1.106,8.185,0.0413,0.0
401.6335906982422,CHARGING,SUPERCAP,1.5,1.109,8.181,0.0419,0.0
401.9151613712311,CHARGING,SUPERCAP,1.5,1.113,8.185,0.0426,0.0
402.203453540802,CHARGING,SUPERCAP,1.5,1.114,8.181,0.0432,0.0
402.4863679409027,CHARGING,SUPERCAP,1.5,1.115,8.188,0.0439,0.0
402.77126026153564,CHARGING,SUPERCAP,1.5,1.118,8.196,0.0445,0.0
403.05385088920593,CHARGING,SUPERCAP,1.5,1.12,8.203,0.0452,0.0
403.3344695568085,CHARGING,SUPERCAP,1.5,1.124,8.192,0.0458,0.0
403.61924862861633,CHARGING,SUPERCAP,1.5,1.125,8.185,0.0464,0.0
403.90561866760254,CHARGING,SUPERCAP,1.5,1.128,8.196,0.0471,0.0
404.18922209739685,CHARGING,SUPERCAP,1.5,1.131,8.174,0.0477,0.0
404.4710557460785,CHARGING,SUPERCAP,1.5,1.134,8.159,0.0484,0.0
404.7578547000885,CHARGING,SUPERCAP,1.5,1.134,8.188,0.049,0.0
405.04099345207214,CHARGING,SUPERCAP,1.5,1.136,8.196,0.0497,0.0
405.32411336898804,CHARGING,SUPERCAP,1.5,1.141,8.185,0.0503,0.0
405.60621976852417,CHARGING,SUPERCAP,1.5,1.141,8.167,0.051,0.0
405.89077067375183,CHARGING,SUPERCAP,1.5,1.142,8.196,0.0516,0.0
406.1741552352905,CHARGING,SUPERCAP,1.5,1.144,8.188,0.0523,0.0
406.458251953125,CHARGING,SUPERCAP,1.5,1.147,8.196,0.0529,0.0
406.74398374557495,CHARGING,SUPERCAP,1.5,1.15,8.199,0.0536,0.0
407.02718210220337,CHARGING,SUPERCAP,1.5,1.153,8.192,0.0542,0.0
407.30177116394043,CHARGING,SUPERCAP,1.5,1.156,8.181,0.0549,0.0
407.59208488464355,CHARGING,SUPERCAP,1.5,1.159,8.177,0.0555,0.0
407.8791735172272,CHARGING,SUPERCAP,1.5,1.16,8.185,0.0561,0.0
408.1619508266449,CHARGING,SUPERCAP,1.5,1.161,8.188,0.0568,0.0
408.4437243938446,CHARGING,SUPERCAP,1.5,1.164,8.167,0.0574,0.0
408.731244802475,CHARGING,SUPERCAP,1.5,1.166,8.207,0.0581,0.0
409.01045870780945,CHARGING,SUPERCAP,1.5,1.169,8.177,0.0587,0.0
409.29562878608704,CHARGING,SUPERCAP,1.5,1.171,8.185,0.0594,0.0
409.5746762752533,CHARGING,SUPERCAP,1.5,1.174,8.192,0.06,0.0
409.86358737945557,CHARGING,SUPERCAP,1.5,1.177,8.181,0.0607,0.0
410.14581274986267,CHARGING,SUPERCAP,1.5,1.176,8.188,0.0613,0.0
410.4308409690857,CHARGING,SUPERCAP,1.5,1.181,8.185,0.062,0.0
410.7043752670288,CHARGING,SUPERCAP,1.5,1.18,8.196,0.0626,0.0
410.9996192455292,CHARGING,SUPERCAP,1.5,1.184,8.181,0.0633,0.0
411.2744245529175,CHARGING,SUPERCAP,1.5,1.187,8.177,0.0639,0.0
411.5614233016968,CHARGING,SUPERCAP,1.5,1.187,8.218,0.0646,0.0
411.85125970840454,CHARGING,SUPERCAP,1.5,1.191,8.199,0.0652,0.0
412.13392543792725,CHARGING,SUPERCAP,1.5,1.193,8.188,0.0659,0.0
412.4154441356659,CHARGING,SUPERCAP,1.5,1.196,8.203,0.0665,0.0
412.69955706596375,CHARGING,SUPERCAP,1.5,1.196,8.203,0.0671,0.0
412.9863107204437,CHARGING,SUPERCAP,1.5,1.198,8.192,0.0678,0.0
413.26937103271484,CHARGING,SUPERCAP,1.5,1.201,8.192,0.0684,0.0
413.5487644672394,CHARGING,SUPERCAP,1.5,1.204,8.181,0.0691,0.0
413.8334836959839,CHARGING,SUPERCAP,1.5,1.207,8.192,0.0697,0.0
414.11262798309326,CHARGING,SUPERCAP,1.5,1.209,8.192,0.0704,0.0
414.4029185771942,CHARGING,SUPERCAP,1.5,1.211,8.196,0.071,0.0
414.68318367004395,CHARGING,SUPERCAP,1.5,1.214,8.192,0.0717,0.0
414.96926164627075,CHARGING,SUPERCAP,1.5,1.215,8.207,0.0723,0.0
415.2543423175812,CHARGING,SUPERCAP,1.5,1.217,8.188,0.073,0.0
415.53546380996704,CHARGING,SUPERCAP,1.5,1.218,8.188,0.0736,0.0
415.82126545906067,CHARGING,SUPERCAP,1.5,1.221,8.192,0.0743,0.0
416.10448837280273,CHARGING,SUPERCAP,1.5,1.226,8.174,0.0749,0.0
416.39020347595215,CHARGING,SUPERCAP,1.5,1.229,8.159,0.0756,0.0
416.67286348342896,CHARGING,SUPERCAP,1.5,1.228,8.181,0.0762,0.0
416.958468914032,CHARGING,SUPERCAP,1.5,1.232,8.156,0.0768,0.0
417.23753809928894,CHARGING,SUPERCAP,1.5,1.234,8.152,0.0775,0.0
417.52331471443176,CHARGING,SUPERCAP,1.5,1.236,8.134,0.0781,0.0
417.80322217941284,CHARGING,SUPERCAP,1.5,1.236,8.156,0.0788,0.0
418.08788084983826,CHARGING,SUPERCAP,1.5,1.239,8.134,0.0794,0.0
418.37332677841187,CHARGING,SUPERCAP,1.5,1.24,8.145,0.0801,0.0
418.65861439704895,CHARGING,SUPERCAP,1.5,1.244,8.145,0.0807,0.0
418.9402153491974,CHARGING,SUPERCAP,1.5,1.246,8.126,0.0814,0.0
419.2212584018707,CHARGING,SUPERCAP,1.5,1.247,8.13,0.082,0.0
419.5102949142456,CHARGING,SUPERCAP,1.5,1.251,8.13,0.0826,0.0
419.7939021587372,CHARGING,SUPERCAP,1.5,1.251,8.112,0.0833,0.0
420.0796842575073,CHARGING,SUPERCAP,1.5,1.254,8.086,0.0839,0.0
420.3629560470581,CHARGING,SUPERCAP,1.5,1.257,8.123,0.0846,0.0
420.6454060077667,CHARGING,SUPERCAP,1.5,1.258,8.108,0.0852,0.0
420.92752051353455,CHARGING,SUPERCAP,1.5,1.262,8.086,0.0858,0.0
421.2109115123749,CHARGING,SUPERCAP,1.5,1.263,8.094,0.0865,0.0
421.4976119995117,CHARGING,SUPERCAP,1.5,1.265,8.097,0.0871,0.0
421.77415132522583,CHARGING,SUPERCAP,1.5,1.269,8.072,0.0878,0.0
422.06396102905273,CHARGING,SUPERCAP,1.5,1.271,8.079,0.0884,0.0
422.34823727607727,CHARGING,SUPERCAP,1.5,1.273,8.09,0.089,0.0
422.6313045024872,CHARGING,SUPERCAP,1.5,1.275,8.075,0.0897,0.0
422.9141230583191,CHARGING,SUPERCAP,1.5,1.277,8.072,0.0903,0.0
423.1933481693268,CHARGING,SUPERCAP,1.5,1.28,8.053,0.0909,0.0
423.47940850257874,CHARGING,SUPERCAP,1.5,1.281,8.061,0.0916,0.0
423.7667577266693,CHARGING,SUPERCAP,1.5,1.283,8.046,0.0922,0.0
424.04929208755493,CHARGING,SUPERCAP,1.5,1.285,8.031,0.0929,0.0
424.33512711524963,CHARGING,SUPERCAP,1.5,1.288,8.035,0.0935,0.0
424.61792731285095,CHARGING,SUPERCAP,1.5,1.291,8.024,0.0941,0.0
424.89801692962646,CHARGING,SUPERCAP,1.5,1.292,8.024,0.0948,0.0
425.1864342689514,CHARGING,SUPERCAP,1.5,1.292,8.031,0.0954,0.0
425.4694664478302,CHARGING,SUPERCAP,1.5,1.296,8.035,0.096,0.0
425.7541275024414,CHARGING,SUPERCAP,1.5,1.297,8.013,0.0967,0.0
426.03599858283997,CHARGING,SUPERCAP,1.5,1.301,7.991,0.0973,0.0
426.31681871414185,CHARGING,SUPERCAP,1.5,1.302,8.024,0.0979,0.0
426.60297107696533,CHARGING,SUPERCAP,1.5,1.306,7.988,0.0986,0.0
426.8866548538208,CHARGING,SUPERCAP,1.5,1.306,7.988,0.0992,0.0
427.1697127819061,CHARGING,SUPERCAP,1.5,1.309,7.995,0.0998,0.0
427.45548844337463,CHARGING,SUPERCAP,1.5,1.312,8.006,0.1005,0.0
427.7386796474457,CHARGING,SUPERCAP,1.5,1.313,7.98,0.1011,0.0
428.0220630168915,CHARGING,SUPERCAP,1.5,1.314,7.977,0.1017,0.0
428.3064546585083,CHARGING,SUPERCAP,1.5,1.317,7.988,0.1024,0.0
428.5816082954407,CHARGING,SUPERCAP,1.5,1.319,7.991,0.103,0.0
428.87324500083923,CHARGING,SUPERCAP,1.5,1.321,7.973,0.1036,0.0
429.1566119194031,CHARGING,SUPERCAP,1.5,1.324,7.969,0.1042,0.0
429.4387011528015,CHARGING,SUPERCAP,1.5,1.326,7.951,0.1049,0.0
429.72460079193115,CHARGING,SUPERCAP,1.5,1.328,7.955,0.1055,0.0
430.0047585964203,CHARGING,SUPERCAP,1.5,1.329,7.951,0.1061,0.0
430.29424715042114,CHARGING,SUPERCAP,1.5,1.332,7.944,0.1068,0.0
430.57674074172974,CHARGING,SUPERCAP,1.5,1.332,7.951,0.1074,0.0
430.85951805114746,CHARGING,SUPERCAP,1.5,1.335,7.948,0.108,0.0
431.14257860183716,CHARGING,SUPERCAP,1.5,1.337,7.918,0.1086,0.0
431.425838470459,CHARGING,SUPERCAP,1.5,1.339,7.951,0.1093,0.0
431.7114853858948,CHARGING,SUPERCAP,1.5,1.342,7.915,0.1099,0.0
431.9931435585022,CHARGING,SUPERCAP,1.5,1.344,7.918,0.1105,0.0
432.27959084510803,CHARGING,SUPERCAP,1.5,1.346,7.907,0.1111,0.0
432.5640022754669,CHARGING,SUPERCAP,1.5,1.349,7.922,0.1118,0.0
432.8466339111328,CHARGING,SUPERCAP,1.5,1.35,7.9,0.1124,0.0
433.12427020072937,CHARGING,SUPERCAP,1.5,1.35,7.907,0.113,0.0
433.4149081707001,CHARGING,SUPERCAP,1.5,1.354,7.896,0.1136,0.0
433.6987373828888,CHARGING,SUPERCAP,1.5,1.357,7.893,0.1143,0.0
433.9731721878052,CHARGING,SUPERCAP,1.5,1.358,7.889,0.1149,0.0
434.2642602920532,CHARGING,SUPERCAP,1.5,1.36,7.864,0.1155,0.0
434.54947686195374,CHARGING,SUPERCAP,1.5,1.362,7.9,0.1161,0.0
434.8315677642822,CHARGING,SUPERCAP,1.5,1.366,7.882,0.1168,0.0
435.1140923500061,CHARGING,SUPERCAP,1.5,1.366,7.867,0.1174,0.0
435.4013423919678,CHARGING,SUPERCAP,1.5,1.369,7.867,0.118,0.0
435.6839089393616,CHARGING,SUPERCAP,1.5,1.372,7.867,0.1186,0.0
435.96777868270874,CHARGING,SUPERCAP,1.5,1.372,7.878,0.1192,0.0
436.2431640625,CHARGING,SUPERCAP,1.5,1.376,7.82,0.1199,0.0
436.5367388725281,CHARGING,SUPERCAP,1.5,1.379,7.86,0.1205,0.0
436.8196280002594,CHARGING,SUPERCAP,1.5,1.379,7.849,0.1211,0.0
437.1011064052582,CHARGING,SUPERCAP,1.5,1.381,7.823,0.1217,0.0
437.3806414604187,CHARGING,SUPERCAP,1.5,1.381,7.834,0.1223,0.0
437.67051553726196,CHARGING,SUPERCAP,1.5,1.386,7.82,0.123,0.0
437.95315861701965,CHARGING,SUPERCAP,1.5,1.386,7.834,0.1236,0.0
438.2367572784424,CHARGING,SUPERCAP,1.5,1.389,7.831,0.1242,0.0
438.518835067749,CHARGING,SUPERCAP,1.5,1.391,7.802,0.1248,0.0
438.80592703819275,CHARGING,SUPERCAP,1.5,1.392,7.809,0.1254,0.0
439.0877058506012,CHARGING,SUPERCAP,1.5,1.394,7.805,0.1261,0.0
439.37042593955994,CHARGING,SUPERCAP,1.5,1.396,7.794,0.1267,0.0
439.65710520744324,CHARGING,SUPERCAP,1.5,1.399,7.805,0.1273,0.0
439.9395716190338,CHARGING,SUPERCAP,1.5,1.402,7.812,0.1279,0.0
440.2234265804291,CHARGING,SUPERCAP,1.5,1.403,7.787,0.1285,0.0
440.50093507766724,CHARGING,SUPERCAP,1.5,1.406,7.78,0.1291,0.0
440.78428196907043,CHARGING,SUPERCAP,1.5,1.407,7.794,0.1297,0.0
441.07440996170044,CHARGING,SUPERCAP,1.5,1.409,7.812,0.1304,0.0
441.3529863357544,CHARGING,SUPERCAP,1.5,1.413,7.758,0.131,0.0
441.64184522628784,CHARGING,SUPERCAP,1.5,1.414,7.754,0.1316,0.0
441.9253759384155,CHARGING,SUPERCAP,1.5,1.415,7.761,0.1322,0.0
442.2044816017151,CHARGING,SUPERCAP,1.5,1.418,7.783,0.1328,0.0
442.49357628822327,CHARGING,SUPERCAP,1.5,1.418,7.772,0.1334,0.0
442.7784934043884,CHARGING,SUPERCAP,1.5,1.42,7.754,0.1341,0.0
443.0614333152771,CHARGING,SUPERCAP,1.5,1.424,7.747,0.1347,0.0
443.3429238796234,CHARGING,SUPERCAP,1.5,1.426,7.754,0.1353,0.0
443.62076711654663,CHARGING,SUPERCAP,1.5,1.426,7.732,0.1359,0.0
443.9114978313446,CHARGING,SUPERCAP,1.5,1.429,7.736,0.1365,0.0
444.19474363327026,CHARGING,SUPERCAP,1.5,1.43,7.747,0.1371,0.0
444.4783697128296,CHARGING,SUPERCAP,1.5,1.433,7.75,0.1377,0.0
444.76053071022034,CHARGING,SUPERCAP,1.5,1.435,7.729,0.1383,0.0
445.04101037979126,CHARGING,SUPERCAP,1.5,1.433,7.747,0.1389,0.0
445.3304879665375,CHARGING,SUPERCAP,1.5,1.433,7.747,0.1396,0.0
445.6148464679718,CHARGING,SUPERCAP,1.5,1.437,7.703,0.1402,0.0
445.8993544578552,CHARGING,SUPERCAP,1.5,1.438,7.71,0.1408,0.0
446.18093824386597,CHARGING,SUPERCAP,1.5,1.439,7.743,0.1414,0.0
446.46373224258423,CHARGING,SUPERCAP,1.5,1.442,7.707,0.142,0.0
446.7507538795471,CHARGING,SUPERCAP,1.5,1.444,7.688,0.1426,0.0
447.02954626083374,CHARGING,SUPERCAP,1.5,1.446,7.696,0.1432,0.0
447.31672406196594,CHARGING,SUPERCAP,1.5,1.448,7.714,0.1438,0.0
447.59873962402344,CHARGING,SUPERCAP,1.5,1.451,7.677,0.1444,0.0
447.88359475135803,CHARGING,SUPERCAP,1.5,1.452,7.692,0.145,0.0
448.1619689464569,CHARGING,SUPERCAP,1.5,1.456,7.674,0.1456,0.0
448.44218707084656,CHARGING,SUPERCAP,1.5,1.457,7.674,0.1462,0.0
448.73790431022644,CHARGING,SUPERCAP,1.5,1.457,7.677,0.1469,0.0
449.0206210613251,CHARGING,SUPERCAP,1.5,1.46,7.659,0.1475,0.0
449.30358266830444,CHARGING,SUPERCAP,1.5,1.462,7.666,0.1481,0.0
449.58583784103394,CHARGING,SUPERCAP,1.5,1.463,7.67,0.1487,0.0
449.8717088699341,CHARGING,SUPERCAP,1.5,1.466,7.634,0.1493,0.0
450.150545835495,CHARGING,SUPERCAP,1.5,1.469,7.656,0.1499,0.0
450.43170619010925,CHARGING,SUPERCAP,1.5,1.47,7.666,0.1505,0.0
450.7179288864136,CHARGING,SUPERCAP,1.5,1.47,7.674,0.1511,0.0
451.002534866333,CHARGING,SUPERCAP,1.5,1.475,7.608,0.1517,0.0
451.28978085517883,CHARGING,SUPERCAP,1.5,1.476,7.656,0.1523,0.0
451.5732228755951,CHARGING,SUPERCAP,1.5,1.476,7.663,0.1529,0.0
451.8580198287964,CHARGING,SUPERCAP,1.5,1.48,7.612,0.1535,0.0
452.1415102481842,CHARGING,SUPERCAP,1.5,1.481,7.604,0.1541,0.0
452.42285537719727,CHARGING,SUPERCAP,1.5,1.482,7.637,0.1547,0.0
452.706339597702,CHARGING,SUPERCAP,1.5,1.486,7.619,0.1553,0.0
452.99275946617126,CHARGING,SUPERCAP,1.5,1.488,7.597,0.1559,0.0
453.2753412723541,CHARGING,SUPERCAP,1.5,1.488,7.608,0.1565,0.0
453.55570912361145,CHARGING,SUPERCAP,1.5,1.488,7.619,0.1571,0.0
453.8435366153717,CHARGING,SUPERCAP,1.5,1.494,7.604,0.1577,0.0
454.1281497478485,CHARGING,SUPERCAP,1.5,1.495,7.597,0.1583,0.0
454.40288639068604,CHARGING,SUPERCAP,1.5,1.495,7.604,0.1589,0.0
454.6938922405243,CHARGING,SUPERCAP,1.5,1.499,7.568,0.1595,0.0
454.98012685775757,DONE,SUPERCAP,1.5,1.49,-0.013,0.1597,0.0
455.2620098590851,DONE,SUPERCAP,1.5,1.497,-0.123,0.1597,0.0
455.5479724407196,DONE,SUPERCAP,1.5,1.489,-0.086,0.1597,0.0
455.83112049102783,DONE,SUPERCAP,1.5,1.486,0.016,0.1597,0.0
456.1132884025574,DONE,SUPERCAP,1.5,1.491,-0.079,0.1597,0.0
456.39560079574585,DONE,SUPERCAP,1.5,1.49,-0.05,0.1597,0.0
456.6745104789734,DONE,SUPERCAP,1.5,1.491,-0.082,0.1597,0.0
456.96514773368835,DONE,SUPERCAP,1.5,1.488,-0.035,0.1597,0.0
457.2485685348511,DONE,SUPERCAP,1.5,1.488,-0.075,0.1597,0.0
457.5307512283325,DONE,SUPERCAP,1.5,1.49,-0.079,0.1597,0.0
457.8128345012665,DONE,SUPERCAP,1.5,1.492,-0.09,0.1597,0.0
458.09649538993835,DONE,SUPERCAP,1.5,1.488,-0.082,0.1597,0.0
458.378769159317,DONE,SUPERCAP,1.5,1.487,-0.024,0.1597,0.0
458.6651473045349,DONE,SUPERCAP,1.5,1.489,-0.079,0.1597,0.0
458.9482629299164,DONE,SUPERCAP,1.5,1.488,-0.086,0.1597,0.0
459.224506855011,DONE,SUPERCAP,1.5,1.495,-0.115,0.1597,0.0
459.51349449157715,DONE,SUPERCAP,1.5,1.486,-0.053,0.1597,0.0
459.7924666404724,DONE,SUPERCAP,1.5,1.489,-0.093,0.1597,0.0
460.08257365226746,DONE,SUPERCAP,1.5,1.487,-0.079,0.1597,0.0
460.36196398735046,DONE,SUPERCAP,1.5,1.483,-0.024,0.1597,0.0
460.64586329460144,DONE,SUPERCAP,1.5,1.489,-0.079,0.1597,0.0
460.9304254055023,DONE,SUPERCAP,1.5,1.488,-0.064,0.1597,0.0
461.21287775039673,DONE,SUPERCAP,1.5,1.488,-0.079,0.1597,0.0
461.49156641960144,DONE,SUPERCAP,1.5,1.485,-0.042,0.1597,0.0
461.78116059303284,DONE,SUPERCAP,1.5,1.489,-0.072,0.1597,0.0
462.0645487308502,DONE,SUPERCAP,1.5,1.494,-0.112,0.1597,0.0
462.3475742340088,DONE,SUPERCAP,1.5,1.491,-0.05,0.1597,0.0
462.628436088562,DONE,SUPERCAP,1.5,1.491,-0.042,0.1597,0.0
462.90496301651,DONE,SUPERCAP,1.5,1.493,-0.082,0.1597,0.0
463.19891023635864,DONE,SUPERCAP,1.5,1.493,-0.046,0.1597,0.0
463.47983980178833,DONE,SUPERCAP,1.5,1.49,-0.046,0.1597,0.0
463.76299500465393,DONE,SUPERCAP,1.5,1.495,-0.072,0.1597,0.0
464.047297000885,DONE,SUPERCAP,1.5,1.492,-0.097,0.1597,0.0
464.32972383499146,DONE,SUPERCAP,1.5,1.494,-0.108,0.1597,0.0
464.6127882003784,DONE,SUPERCAP,1.5,1.489,-0.053,0.1597,0.0
464.89850401878357,DONE,SUPERCAP,1.5,1.49,-0.028,0.1597,0.0
465.1814239025116,DONE,SUPERCAP,1.5,1.493,-0.108,0.1597,0.0
465.46362686157227,DONE,SUPERCAP,1.5,1.486,-0.05,0.1597,0.0
465.74017906188965,DONE,SUPERCAP,1.5,1.489,-0.031,0.1597,0.0
466.0294449329376,DONE,SUPERCAP,1.5,1.496,-0.123,0.1597,0.0
466.307213306427,DONE,SUPERCAP,1.5,1.486,-0.035,0.1597,0.0
466.59915494918823,IDLE,SUPERCAP,2.3,1.494,-0.104,0.0,0.0
466.88150238990784,IDLE,SUPERCAP,2.3,1.488,-0.064,0.0,0.0
467.168244600296,IDLE,SUPERCAP,2.3,1.491,-0.072,0.0,0.0
467.4466450214386,IDLE,SUPERCAP,2.3,1.491,-0.097,0.0,0.0
467.72908186912537,IDLE,SUPERCAP,2.3,1.492,-0.115,0.0,0.0
468.01641035079956,IDLE,SUPERCAP,2.3,1.491,-0.072,0.0,0.0
468.3026065826416,CHARGING,SUPERCAP,2.3,1.494,7.269,0.0001,0.0
468.58018708229065,CHARGING,SUPERCAP,2.3,1.499,7.597,0.0007,0.0
468.8623540401459,CHARGING,SUPERCAP,2.3,1.501,7.583,0.0013,0.0
469.1454632282257,CHARGING,SUPERCAP,2.3,1.504,7.568,0.0019,0.0
469.4370274543762,CHARGING,SUPERCAP,2.3,1.504,7.583,0.0025,0.0
469.71975898742676,CHARGING,SUPERCAP,2.3,1.508,7.579,0.0031,0.0
470.00301122665405,CHARGING,SUPERCAP,2.3,1.509,7.564,0.0037,0.0
470.2891306877136,CHARGING,SUPERCAP,2.3,1.51,7.561,0.0043,0.0
470.5721364021301,CHARGING,SUPERCAP,2.3,1.514,7.553,0.0049,0.0
470.85438990592957,CHARGING,SUPERCAP,2.3,1.516,7.572,0.0055,0.0
471.14063334465027,CHARGING,SUPERCAP,2.3,1.517,7.539,0.0061,0.0
471.41944003105164,CHARGING,SUPERCAP,2.3,1.518,7.553,0.0067,0.0
471.70549726486206,CHARGING,SUPERCAP,2.3,1.52,7.553,0.0073,0.0
471.98901748657227,CHARGING,SUPERCAP,2.3,1.523,7.55,0.0079,0.0
472.2752251625061,CHARGING,SUPERCAP,2.3,1.524,7.542,0.0085,0.0
472.55250120162964,CHARGING,SUPERCAP,2.3,1.526,7.531,0.0091,0.0
472.8431043624878,CHARGING,SUPERCAP,2.3,1.528,7.528,0.0097,0.0
473.1274962425232,CHARGING,SUPERCAP,2.3,1.53,7.528,0.0102,0.0
473.40992736816406,CHARGING,SUPERCAP,2.3,1.533,7.513,0.0108,0.0
473.6907775402069,CHARGING,SUPERCAP,2.3,1.535,7.495,0.0114,0.0
473.9776360988617,CHARGING,SUPERCAP,2.3,1.537,7.52,0.012,0.0
474.2616653442383,CHARGING,SUPERCAP,2.3,1.541,7.466,0.0126,0.0
474.5419337749481,CHARGING,SUPERCAP,2.3,1.541,7.491,0.0132,0.0
474.8272109031677,CHARGING,SUPERCAP,2.3,1.542,7.506,0.0138,0.0
475.10996317863464,CHARGING,SUPERCAP,2.3,1.546,7.48,0.0144,0.0
475.39616084098816,CHARGING,SUPERCAP,2.3,1.546,7.48,0.015,0.0
475.67412209510803,CHARGING,SUPERCAP,2.3,1.548,7.473,0.0156,0.0
475.959841966629,CHARGING,SUPERCAP,2.3,1.55,7.477,0.0162,0.0
476.2491087913513,CHARGING,SUPERCAP,2.3,1.552,7.488,0.0168,0.0
476.5326917171478,CHARGING,SUPERCAP,2.3,1.554,7.469,0.0173,0.0
476.81419920921326,CHARGING,SUPERCAP,2.3,1.555,7.455,0.0179,0.0
477.0971956253052,CHARGING,SUPERCAP,2.3,1.558,7.458,0.0185,0.0
477.3833405971527,CHARGING,SUPERCAP,2.3,1.56,7.466,0.0191,0.0
477.6656126976013,CHARGING,SUPERCAP,2.3,1.561,7.462,0.0197,0.0
477.942430973053,CHARGING,SUPERCAP,2.3,1.563,7.444,0.0203,0.0
478.23262906074524,CHARGING,SUPERCAP,2.3,1.565,7.451,0.0209,0.0
478.5129041671753,CHARGING,SUPERCAP,2.3,1.566,7.469,0.0215,0.0
478.8008496761322,CHARGING,SUPERCAP,2.3,1.57,7.437,0.0221,0.0
479.08232522010803,CHARGING,SUPERCAP,2.3,1.57,7.415,0.0226,0.0
479.3691158294678,CHARGING,SUPERCAP,2.3,1.572,7.418,0.0232,0.0
479.650625705719,CHARGING,SUPERCAP,2.3,1.573,7.429,0.0238,0.0
479.93205189704895,CHARGING,SUPERCAP,2.3,1.575,7.444,0.0244,0.0
480.2177081108093,CHARGING,SUPERCAP,2.3,1.578,7.4,0.025,0.0
480.5020217895508,CHARGING,SUPERCAP,2.3,1.581,7.418,0.0256,0.0
480.78230476379395,CHARGING,SUPERCAP,2.3,1.581,7.433,0.0262,0.0
481.06236577033997,CHARGING,SUPERCAP,2.3,1.584,7.4,0.0267,0.0
481.3524634838104,CHARGING,SUPERCAP,2.3,1.586,7.396,0.0273,0.0
481.63504791259766,CHARGING,SUPERCAP,2.3,1.587,7.393,0.0279,0.0
481.9177248477936,CHARGING,SUPERCAP,2.3,1.589,7.407,0.0285,0.0
482.2051668167114,CHARGING,SUPERCAP,2.3,1.592,7.389,0.0291,0.0
482.4892883300781,CHARGING,SUPERCAP,2.3,1.594,7.385,0.0297,0.0
482.7699854373932,CHARGING,SUPERCAP,2.3,1.594,7.378,0.0302,0.0
483.0485887527466,CHARGING,SUPERCAP,2.3,1.597,7.382,0.0308,0.0
483.333624124527,CHARGING,SUPERCAP,2.3,1.597,7.378,0.0314,0.0
483.6219313144684,CHARGING,SUPERCAP,2.3,1.599,7.36,0.032,0.0
483.89883494377136,CHARGING,SUPERCAP,2.3,1.603,7.371,0.0326,0.0
484.18984842300415,CHARGING,SUPERCAP,2.3,1.604,7.385,0.0332,0.0
484.47589087486267,CHARGING,SUPERCAP,2.3,1.606,7.367,0.0337,0.0
484.75913763046265,CHARGING,SUPERCAP,2.3,1.608,7.349,0.0343,0.0
485.0419931411743,CHARGING,SUPERCAP,2.3,1.609,7.349,0.0349,0.0
485.31984758377075,CHARGING,SUPERCAP,2.3,1.611,7.36,0.0355,0.0
485.6104016304016,CHARGING,SUPERCAP,2.3,1.615,7.345,0.0361,0.0
485.88963055610657,CHARGING,SUPERCAP,2.3,1.615,7.316,0.0366,0.0
486.1771926879883,CHARGING,SUPERCAP,2.3,1.617,7.327,0.0372,0.0
486.4589593410492,CHARGING,SUPERCAP,2.3,1.618,7.356,0.0378,0.0
486.74549102783203,CHARGING,SUPERCAP,2.3,1.621,7.323,0.0384,0.0
487.02901220321655,CHARGING,SUPERCAP,2.3,1.621,7.327,0.039,0.0
487.3119773864746,CHARGING,SUPERCAP,2.3,1.625,7.305,0.0395,0.0
487.5972595214844,CHARGING,SUPERCAP,2.3,1.625,7.323,0.0401,0.0
487.8809678554535,CHARGING,SUPERCAP,2.3,1.627,7.312,0.0407,0.0
488.1623868942261,CHARGING,SUPERCAP,2.3,1.628,7.298,0.0413,0.0
488.44559931755066,CHARGING,SUPERCAP,2.3,1.631,7.294,0.0419,0.0
488.7224757671356,CHARGING,SUPERCAP,2.3,1.633,7.305,0.0424,0.0
489.0144853591919,CHARGING,SUPERCAP,2.3,1.634,7.309,0.043,0.0
489.29303789138794,CHARGING,SUPERCAP,2.3,1.637,7.276,0.0436,0.0
489.58083415031433,CHARGING,SUPERCAP,2.3,1.639,7.28,0.0442,0.0
489.8672790527344,CHARGING,SUPERCAP,2.3,1.639,7.301,0.0447,0.0
490.1494369506836,CHARGING,SUPERCAP,2.3,1.641,7.309,0.0453,0.0
490.4322085380554,CHARGING,SUPERCAP,2.3,1.643,7.276,0.0459,0.0
490.718065738678,CHARGING,SUPERCAP,2.3,1.646,7.261,0.0465,0.0
491.0014159679413,CHARGING,SUPERCAP,2.3,1.647,7.283,0.047,0.0
491.2806875705719,CHARGING,SUPERCAP,2.3,1.65,7.269,0.0476,0.0
491.5672583580017,CHARGING,SUPERCAP,2.3,1.651,7.265,0.0482,0.0
491.853538274765,CHARGING,SUPERCAP,2.3,1.653,7.261,0.0488,0.0
492.13452911376953,CHARGING,SUPERCAP,2.3,1.656,7.25,0.0493,0.0
492.4140465259552,CHARGING,SUPERCAP,2.3,1.657,7.269,0.0499,0.0
492.7022292613983,CHARGING,SUPERCAP,2.3,1.659,7.232,0.0505,0.0
492.98042011260986,CHARGING,SUPERCAP,2.3,1.66,7.254,0.0511,0.0
493.270060300827,CHARGING,SUPERCAP,2.3,1.663,7.25,0.0516,0.0
493.54941964149475,CHARGING,SUPERCAP,2.3,1.662,7.239,0.0522,0.0
493.84016704559326,CHARGING,SUPERCAP,2.3,1.665,7.232,0.0528,0.0
494.11813497543335,CHARGING,SUPERCAP,2.3,1.667,7.221,0.0533,0.0
494.4012315273285,CHARGING,SUPERCAP,2.3,1.67,7.218,0.0539,0.0
494.68822145462036,CHARGING,SUPERCAP,2.3,1.67,7.228,0.0545,0.0
494.97394132614136,CHARGING,SUPERCAP,2.3,1.672,7.225,0.0551,0.0
495.25744104385376,CHARGING,SUPERCAP,2.3,1.675,7.203,0.0556,0.0
495.5401041507721,CHARGING,SUPERCAP,2.3,1.676,7.218,0.0562,0.0
495.82559609413147,CHARGING,SUPERCAP,2.3,1.677,7.214,0.0568,0.0
496.1093246936798,CHARGING,SUPERCAP,2.3,1.678,7.221,0.0573,0.0
496.38589000701904,CHARGING,SUPERCAP,2.3,1.682,7.196,0.0579,0.0
496.6727497577667,CHARGING,SUPERCAP,2.3,1.683,7.192,0.0585,0.0
496.9613528251648,CHARGING,SUPERCAP,2.3,1.685,7.203,0.059,0.0
497.24267649650574,CHARGING,SUPERCAP,2.3,1.687,7.192,0.0596,0.0
497.52579975128174,CHARGING,SUPERCAP,2.3,1.689,7.188,0.0602,0.0
497.8090944290161,CHARGING,SUPERCAP,2.3,1.691,7.185,0.0607,0.0
498.0950541496277,CHARGING,SUPERCAP,2.3,1.692,7.174,0.0613,0.0
498.3720552921295,CHARGING,SUPERCAP,2.3,1.694,7.192,0.0619,0.0
498.66256737709045,CHARGING,SUPERCAP,2.3,1.696,7.174,0.0625,0.0
498.9426863193512,CHARGING,SUPERCAP,2.3,1.696,7.17,0.063,0.0
499.22950053215027,CHARGING,SUPERCAP,2.3,1.7,7.148,0.0636,0.0
499.51205492019653,CHARGING,SUPERCAP,2.3,1.7,7.185,0.0641,0.0
499.791707277298,CHARGING,SUPERCAP,2.3,1.702,7.166,0.0647,0.0
500.08132576942444,CHARGING,SUPERCAP,2.3,1.704,7.155,0.0653,0.0
500.3645932674408,CHARGING,SUPERCAP,2.3,1.706,7.134,0.0658,0.0
500.6463770866394,CHARGING,SUPERCAP,2.3,1.707,7.141,0.0664,0.0
500.9320738315582,CHARGING,SUPERCAP,2.3,1.708,7.163,0.067,0.0
501.2120432853699,CHARGING,SUPERCAP,2.3,1.71,7.145,0.0675,0.0
501.48940801620483,CHARGING,SUPERCAP,2.3,1.709,7.148,0.0681,0.0
501.77941608428955,CHARGING,SUPERCAP,2.3,1.713,7.145,0.0687,0.0
502.06457471847534,CHARGING,SUPERCAP,2.3,1.715,7.134,0.0692,0.0
502.34800481796265,CHARGING,SUPERCAP,2.3,1.716,7.134,0.0698,0.0
502.63214015960693,CHARGING,SUPERCAP,2.3,1.717,7.123,0.0704,0.0
502.91649985313416,CHARGING,SUPERCAP,2.3,1.72,7.115,0.0709,0.0
503.20232486724854,CHARGING,SUPERCAP,2.3,1.721,7.13,0.0715,0.0
503.48166370391846,CHARGING,SUPERCAP,2.3,1.724,7.126,0.072,0.0
503.768301486969,CHARGING,SUPERCAP,2.3,1.726,7.09,0.0726,0.0
504.0538833141327,CHARGING,SUPERCAP,2.3,1.728,7.097,0.0732,0.0
504.3366599082947,CHARGING,SUPERCAP,2.3,1.733,7.09,0.0737,0.0
504.6192328929901,CHARGING,SUPERCAP,2.3,1.731,7.104,0.0743,0.0
504.9019491672516,CHARGING,SUPERCAP,2.3,1.732,7.093,0.0749,0.0
505.1881318092346,CHARGING,SUPERCAP,2.3,1.735,7.086,0.0754,0.0
505.46985125541687,CHARGING,SUPERCAP,2.3,1.737,7.082,0.076,0.0
505.74956607818604,CHARGING,SUPERCAP,2.3,1.737,7.082,0.0765,0.0
506.0373013019562,CHARGING,SUPERCAP,2.3,1.739,7.101,0.0771,0.0
506.3136074542999,CHARGING,SUPERCAP,2.3,1.743,7.046,0.0777,0.0
506.6053156852722,CHARGING,SUPERCAP,2.3,1.744,7.064,0.0782,0.0
506.889319896698,CHARGING,SUPERCAP,2.3,1.745,7.075,0.0788,0.0
507.17188453674316,CHARGING,SUPERCAP,2.3,1.747,7.075,0.0793,0.0
507.4577167034149,CHARGING,SUPERCAP,2.3,1.75,7.046,0.0799,0.0
507.74220299720764,CHARGING,SUPERCAP,2.3,1.751,7.031,0.0804,0.0
508.022944688797,CHARGING,SUPERCAP,2.3,1.752,7.061,0.081,0.0
508.3054611682892,CHARGING,SUPERCAP,2.3,1.754,7.053,0.0816,0.0
508.59197068214417,CHARGING,SUPERCAP,2.3,1.756,7.035,0.0821,0.0
508.8756468296051,CHARGING,SUPERCAP,2.3,1.756,7.028,0.0827,0.0
509.1576726436615,CHARGING,SUPERCAP,2.3,1.758,7.053,0.0832,0.0
509.44222354888916,CHARGING,SUPERCAP,2.3,1.761,7.05,0.0838,0.0
509.72192001342773,CHARGING,SUPERCAP,2.3,1.763,7.035,0.0843,0.0
510.009649515152,CHARGING,SUPERCAP,2.3,1.764,7.013,0.0849,0.0
510.29693031311035,CHARGING,SUPERCAP,2.3,1.765,7.031,0.0855,0.0
510.57844042778015,CHARGING,SUPERCAP,2.3,1.767,7.002,0.086,0.0
510.86222791671753,CHARGING,SUPERCAP,2.3,1.768,7.028,0.0866,0.0
511.14176392555237,CHARGING,SUPERCAP,2.3,1.771,7.035,0.0871,0.0
511.43154430389404,CHARGING,SUPERCAP,2.3,1.772,7.002,0.0877,0.0
511.7079248428345,CHARGING,SUPERCAP,2.3,1.773,6.999,0.0882,0.0
511.9917542934418,CHARGING,SUPERCAP,2.3,1.775,7.017,0.0888,0.0
512.2808129787445,CHARGING,SUPERCAP,2.3,1.778,7.002,0.0893,0.0
512.5651092529297,CHARGING,SUPERCAP,2.3,1.781,6.995,0.0899,0.0
512.8486738204956,CHARGING,SUPERCAP,2.3,1.782,6.98,0.0904,0.0
513.1311349868774,CHARGING,SUPERCAP,2.3,1.783,6.988,0.091,0.0
513.4170095920563,CHARGING,SUPERCAP,2.3,1.784,6.988,0.0915,0.0
513.6900289058685,CHARGING,SUPERCAP,2.3,1.787,6.973,0.0921,0.0
513.9830203056335,CHARGING,SUPERCAP,2.3,1.787,6.977,0.0926,0.0
514.2644379138947,CHARGING,SUPERCAP,2.3,1.79,6.973,0.0932,0.0
514.5483772754669,CHARGING,SUPERCAP,2.3,1.793,6.969,0.0937,0.0
514.8342146873474,CHARGING,SUPERCAP,2.3,1.793,6.973,0.0943,0.0
515.115293264389,CHARGING,SUPERCAP,2.3,1.794,6.936,0.0948,0.0
515.4014842510223,CHARGING,SUPERCAP,2.3,1.796,6.969,0.0954,0.0
515.6788699626923,CHARGING,SUPERCAP,2.3,1.798,6.94,0.0959,0.0
515.9689996242523,CHARGING,SUPERCAP,2.3,1.799,6.955,0.0965,0.0
516.2513899803162,CHARGING,SUPERCAP,2.3,1.801,6.929,0.097,0.0
516.5376877784729,CHARGING,SUPERCAP,2.3,1.803,6.94,0.0976,0.0
516.8220422267914,CHARGING,SUPERCAP,2.3,1.805,6.933,0.0981,0.0
517.1046135425568,CHARGING,SUPERCAP,2.3,1.806,6.936,0.0987,0.0
517.3864669799805,CHARGING,SUPERCAP,2.3,1.808,6.936,0.0992,0.0
517.6719372272491,CHARGING,SUPERCAP,2.3,1.808,6.922,0.0998,0.0
517.9558598995209,CHARGING,SUPERCAP,2.3,1.81,6.926,0.1003,0.0
518.2353212833405,CHARGING,SUPERCAP,2.3,1.81,6.915,0.1009,0.0
518.5241813659668,CHARGING,SUPERCAP,2.3,1.813,6.94,0.1014,0.0
518.8079090118408,CHARGING,SUPERCAP,2.3,1.815,6.915,0.102,0.0
519.0896549224854,CHARGING,SUPERCAP,2.3,1.816,6.893,0.1025,0.0
519.3717124462128,CHARGING,SUPERCAP,2.3,1.819,6.893,0.1031,0.0
519.6596405506134,CHARGING,SUPERCAP,2.3,1.821,6.915,0.1036,0.0
519.9320118427277,CHARGING,SUPERCAP,2.3,1.824,6.904,0.1041,0.0
520.2204878330231,CHARGING,SUPERCAP,2.3,1.823,6.893,0.1047,0.0
520.5096578598022,CHARGING,SUPERCAP,2.3,1.826,6.885,0.1052,0.0
520.7894732952118,CHARGING,SUPERCAP,2.3,1.827,6.874,0.1058,0.0
521.075868844986,CHARGING,SUPERCAP,2.3,1.829,6.885,0.1063,0.0
521.3595023155212,CHARGING,SUPERCAP,2.3,1.831,6.882,0.1069,0.0
521.6415293216705,CHARGING,SUPERCAP,2.3,1.831,6.863,0.1074,0.0
521.9217460155487,CHARGING,SUPERCAP,2.3,1.834,6.863,0.108,0.0
522.2114143371582,CHARGING,SUPERCAP,2.3,1.834,6.878,0.1085,0.0
522.4929647445679,CHARGING,SUPERCAP,2.3,1.836,6.896,0.109,0.0
522.7758219242096,CHARGING,SUPERCAP,2.3,1.838,6.86,0.1096,0.0
523.061940908432,CHARGING,SUPERCAP,2.3,1.84,6.838,0.1101,0.0
523.337366104126,CHARGING,SUPERCAP,2.3,1.842,6.849,0.1107,0.0
523.6317050457001,CHARGING,SUPERCAP,2.3,1.843,6.86,0.1112,0.0
523.9111852645874,CHARGING,SUPERCAP,2.3,1.844,6.871,0.1117,0.0
524.1967482566833,CHARGING,SUPERCAP,2.3,1.846,6.842,0.1123,0.0
524.4805002212524,CHARGING,SUPERCAP,2.3,1.848,6.834,0.1128,0.0
524.7618494033813,CHARGING,SUPERCAP,2.3,1.851,6.838,0.1134,0.0
525.0487940311432,CHARGING,SUPERCAP,2.3,1.853,6.823,0.1139,0.0
525.3281121253967,CHARGING,SUPERCAP,2.3,1.853,6.831,0.1145,0.0
525.6175854206085,CHARGING,SUPERCAP,2.3,1.854,6.82,0.115,0.0
525.9003345966339,CHARGING,SUPERCAP,2.3,1.855,6.823,0.1155,0.0
526.1783273220062,CHARGING,SUPERCAP,2.3,1.858,6.816,0.1161,0.0
526.4668140411377,CHARGING,SUPERCAP,2.3,1.858,6.816,0.1166,0.0
526.751118183136,CHARGING,SUPERCAP,2.3,1.861,6.816,0.1171,0.0
527.0358922481537,CHARGING,SUPERCAP,2.3,1.862,6.805,0.1177,0.0
527.3186752796173,CHARGING,SUPERCAP,2.3,1.864,6.801,0.1182,0.0
527.601969242096,CHARGING,SUPERCAP,2.3,1.867,6.794,0.1188,0.0
527.8879415988922,CHARGING,SUPERCAP,2.3,1.867,6.809,0.1193,0.0
528.170511007309,CHARGING,SUPERCAP,2.3,1.867,6.801,0.1198,0.0
528.4515898227692,CHARGING,SUPERCAP,2.3,1.87,6.776,0.1204,0.0
528.737681388855,CHARGING,SUPERCAP,2.3,1.873,6.79,0.1209,0.0
529.0197818279266,CHARGING,SUPERCAP,2.3,1.874,6.783,0.1214,0.0
529.3046441078186,CHARGING,SUPERCAP,2.3,1.875,6.79,0.122,0.0
529.5875849723816,CHARGING,SUPERCAP,2.3,1.875,6.772,0.1225,0.0
529.8692607879639,CHARGING,SUPERCAP,2.3,1.879,6.765,0.1231,0.0
530.1517100334167,CHARGING,SUPERCAP,2.3,1.88,6.776,0.1236,0.0
530.4318234920502,CHARGING,SUPERCAP,2.3,1.882,6.79,0.1241,0.0
530.7125105857849,CHARGING,SUPERCAP,2.3,1.884,6.758,0.1247,0.0
531.0088956356049,CHARGING,SUPERCAP,2.3,1.886,6.732,0.1252,0.0
531.2875304222107,CHARGING,SUPERCAP,2.3,1.888,6.736,0.1257,0.0
531.5732507705688,CHARGING,SUPERCAP,2.3,1.888,6.761,0.1263,0.0
531.8607802391052,CHARGING,SUPERCAP,2.3,1.89,6.754,0.1268,0.0
532.1421320438385,CHARGING,SUPERCAP,2.3,1.888,6.747,0.1273,0.0
532.4187841415405,CHARGING,SUPERCAP,2.3,1.887,6.736,0.1279,0.0
532.7077786922455,CHARGING,SUPERCAP,2.3,1.887,6.783,0.1284,0.0
532.9913585186005,CHARGING,SUPERCAP,2.3,1.888,6.787,0.1289,0.0
533.2760689258575,CHARGING,SUPERCAP,2.3,1.892,6.732,0.1295,0.0
533.557715177536,CHARGING,SUPERCAP,2.3,1.893,6.725,0.13,0.0
533.8356227874756,CHARGING,SUPERCAP,2.3,1.893,6.732,0.1305,0.0
534.1291451454163,CHARGING,SUPERCAP,2.3,1.894,6.78,0.1311,0.0
534.4116125106812,CHARGING,SUPERCAP,2.3,1.9,6.728,0.1316,0.0
534.6951320171356,CHARGING,SUPERCAP,2.3,1.9,6.732,0.1321,0.0
534.9773738384247,CHARGING,SUPERCAP,2.3,1.901,6.728,0.1327,0.0
535.2634482383728,CHARGING,SUPERCAP,2.3,1.902,6.728,0.1332,0.0
535.5409126281738,CHARGING,SUPERCAP,2.3,1.905,6.736,0.1337,0.0
535.828875541687,CHARGING,SUPERCAP,2.3,1.906,6.721,0.1343,0.0
536.1162078380585,CHARGING,SUPERCAP,2.3,1.906,6.721,0.1348,0.0
536.3989889621735,CHARGING,SUPERCAP,2.3,1.907,6.707,0.1353,0.0
536.681827545166,CHARGING,SUPERCAP,2.3,1.911,6.699,0.1358,0.0
536.9646201133728,CHARGING,SUPERCAP,2.3,1.911,6.714,0.1364,0.0
537.2408626079559,CHARGING,SUPERCAP,2.3,1.912,6.721,0.1369,0.0
537.532054901123,CHARGING,SUPERCAP,2.3,1.914,6.696,0.1374,0.0
537.8129923343658,CHARGING,SUPERCAP,2.3,1.916,6.666,0.138,0.0
538.1015675067902,CHARGING,SUPERCAP,2.3,1.918,6.666,0.1385,0.0
538.3843460083008,CHARGING,SUPERCAP,2.3,1.919,6.714,0.139,0.0
538.6676919460297,CHARGING,SUPERCAP,2.3,1.921,6.696,0.1395,0.0
538.9510719776154,CHARGING,SUPERCAP,2.3,1.925,6.655,0.1401,0.0
539.2315442562103,CHARGING,SUPERCAP,2.3,1.925,6.655,0.1406,0.0
539.518923997879,CHARGING,SUPERCAP,2.3,1.925,6.692,0.1411,0.0
539.8014979362488,CHARGING,SUPERCAP,2.3,1.927,6.677,0.1417,0.0
540.088657617569,CHARGING,SUPERCAP,2.3,1.929,6.655,0.1422,0.0
540.3719680309296,CHARGING,SUPERCAP,2.3,1.93,6.655,0.1427,0.0
540.65434217453,CHARGING,SUPERCAP,2.3,1.931,6.648,0.1432,0.0
540.9345645904541,CHARGING,SUPERCAP,2.3,1.935,6.637,0.1438,0.0
541.221693277359,CHARGING,SUPERCAP,2.3,1.936,6.648,0.1443,0.0
541.5054535865784,CHARGING,SUPERCAP,2.3,1.936,6.648,0.1448,0.0
541.7885024547577,CHARGING,SUPERCAP,2.3,1.937,6.655,0.1453,0.0
542.072203874588,CHARGING,SUPERCAP,2.3,1.939,6.63,0.1459,0.0
542.3572571277618,CHARGING,SUPERCAP,2.3,1.942,6.634,0.1464,0.0
542.6404089927673,CHARGING,SUPERCAP,2.3,1.942,6.648,0.1469,0.0
542.9214346408844,CHARGING,SUPERCAP,2.3,1.943,6.648,0.1474,0.0
543.2054665088654,CHARGING,SUPERCAP,2.3,1.945,6.623,0.148,0.0
543.491749048233,CHARGING,SUPERCAP,2.3,1.948,6.593,0.1485,0.0
543.774080991745,CHARGING,SUPERCAP,2.3,1.949,6.626,0.149,0.0
544.0572099685669,CHARGING,SUPERCAP,2.3,1.95,6.641,0.1495,0.0
544.3410320281982,CHARGING,SUPERCAP,2.3,1.953,6.597,0.15,0.0
544.6274008750916,CHARGING,SUPERCAP,2.3,1.955,6.582,0.1506,0.0
544.905161857605,CHARGING,SUPERCAP,2.3,1.955,6.593,0.1511,0.0
545.1962549686432,CHARGING,SUPERCAP,2.3,1.956,6.634,0.1516,0.0
545.4780180454254,CHARGING,SUPERCAP,2.3,1.959,6.597,0.1521,0.0
545.7518067359924,CHARGING,SUPERCAP,2.3,1.96,6.575,0.1527,0.0
546.0434300899506,CHARGING,SUPERCAP,2.3,1.96,6.586,0.1532,0.0
546.3299250602722,CHARGING,SUPERCAP,2.3,1.96,6.586,0.1537,0.0
546.6091129779816,CHARGING,SUPERCAP,2.3,1.964,6.608,0.1542,0.0
546.8962519168854,CHARGING,SUPERCAP,2.3,1.967,6.582,0.1547,0.0
547.1819169521332,CHARGING,SUPERCAP,2.3,1.967,6.575,0.1553,0.0
547.4647972583771,CHARGING,SUPERCAP,2.3,1.967,6.586,0.1558,0.0
547.7457599639893,CHARGING,SUPERCAP,2.3,1.972,6.557,0.1563,0.0
548.0274834632874,CHARGING,SUPERCAP,2.3,1.973,6.575,0.1568,0.0
548.3113765716553,CHARGING,SUPERCAP,2.3,1.973,6.575,0.1573,0.0
548.5991697311401,CHARGING,SUPERCAP,2.3,1.974,6.579,0.1579,0.0
548.8820593357086,CHARGING,SUPERCAP,2.3,1.977,6.55,0.1584,0.0
549.1639182567596,CHARGING,SUPERCAP,2.3,1.979,6.535,0.1589,0.0
549.4509327411652,CHARGING,SUPERCAP,2.3,1.979,6.571,0.1594,0.0
549.7299697399139,CHARGING,SUPERCAP,2.3,1.98,6.568,0.1599,0.0
550.0164177417755,CHARGING,SUPERCAP,2.3,1.981,6.55,0.1604,0.0
550.3035047054291,CHARGING,SUPERCAP,2.3,1.985,6.509,0.161,0.0
550.5851776599884,CHARGING,SUPERCAP,2.3,1.985,6.546,0.1615,0.0
550.868567943573,CHARGING,SUPERCAP,2.3,1.992,6.531,0.162,0.0
551.1509385108948,CHARGING,SUPERCAP,2.3,1.996,6.528,0.1625,0.0
551.4377644062042,CHARGING,SUPERCAP,2.3,1.998,6.517,0.163,0.0
551.718822479248,CHARGING,SUPERCAP,2.3,1.999,6.484,0.1635,0.0
551.998875617981,CHARGING,SUPERCAP,2.3,2.0,6.498,0.1641,0.0
552.2893142700195,CHARGING,SUPERCAP,2.3,2.0,6.506,0.1646,0.0
552.5680859088898,CHARGING,SUPERCAP,2.3,2.002,6.509,0.1651,0.0
552.8548305034637,CHARGING,SUPERCAP,2.3,2.005,6.48,0.1656,0.0
553.1325280666351,CHARGING,SUPERCAP,2.3,2.005,6.473,0.1661,0.0
553.4239068031311,CHARGING,SUPERCAP,2.3,2.006,6.473,0.1666,0.0
553.7067308425903,CHARGING,SUPERCAP,2.3,2.009,6.495,0.1671,0.0
553.9895398616791,CHARGING,SUPERCAP,2.3,2.01,6.495,0.1676,0.0
554.2711656093597,CHARGING,SUPERCAP,2.3,2.013,6.466,0.1682,0.0
554.5564458370209,CHARGING,SUPERCAP,2.3,2.013,6.458,0.1687,0.0
554.8411915302277,CHARGING,SUPERCAP,2.3,2.015,6.488,0.1692,0.0
555.1201221942902,CHARGING,SUPERCAP,2.3,2.015,6.466,0.1697,0.0
555.4090738296509,CHARGING,SUPERCAP,2.3,2.016,6.491,0.1702,0.0
555.6927087306976,CHARGING,SUPERCAP,2.3,2.016,6.484,0.1707,0.0
555.9763052463531,CHARGING,SUPERCAP,2.3,2.019,6.455,0.1712,0.0
556.261602640152,CHARGING,SUPERCAP,2.3,2.022,6.436,0.1717,0.0
556.5408627986908,CHARGING,SUPERCAP,2.3,2.023,6.466,0.1722,0.0
556.8274569511414,CHARGING,SUPERCAP,2.3,2.023,6.462,0.1728,0.0
557.111102104187,CHARGING,SUPERCAP,2.3,2.026,6.44,0.1733,0.0
557.3962590694427,CHARGING,SUPERCAP,2.3,2.028,6.436,0.1738,0.0
557.6800992488861,CHARGING,SUPERCAP,2.3,2.029,6.44,0.1743,0.0
557.9624588489532,CHARGING,SUPERCAP,2.3,2.031,6.455,0.1748,0.0
558.2422025203705,CHARGING,SUPERCAP,2.3,2.033,6.444,0.1753,0.0
558.5282528400421,CHARGING,SUPERCAP,2.3,2.033,6.455,0.1758,0.0
558.8149037361145,CHARGING,SUPERCAP,2.3,2.036,6.418,0.1763,0.0
559.09699010849,CHARGING,SUPERCAP,2.3,2.037,6.433,0.1768,0.0
559.3808007240295,CHARGING,SUPERCAP,2.3,2.039,6.436,0.1773,0.0
559.6657485961914,CHARGING,SUPERCAP,2.3,2.04,6.429,0.1778,0.0
559.9479825496674,CHARGING,SUPERCAP,2.3,2.041,6.422,0.1783,0.0
560.231139421463,CHARGING,SUPERCAP,2.3,2.043,6.411,0.1789,0.0
560.5147740840912,CHARGING,SUPERCAP,2.3,2.044,6.415,0.1794,0.0
560.7922074794769,CHARGING,SUPERCAP,2.3,2.045,6.411,0.1799,0.0
561.0831558704376,CHARGING,SUPERCAP,2.3,2.047,6.411,0.1804,0.0
561.3583996295929,CHARGING,SUPERCAP,2.3,2.049,6.4,0.1809,0.0
561.6487231254578,CHARGING,SUPERCAP,2.3,2.049,6.396,0.1814,0.0
561.9344620704651,CHARGING,SUPERCAP,2.3,2.051,6.371,0.1819,0.0
562.214170217514,CHARGING,SUPERCAP,2.3,2.052,6.404,0.1824,0.0
562.5022692680359,CHARGING,SUPERCAP,2.3,2.054,6.389,0.1829,0.0
562.7875368595123,CHARGING,SUPERCAP,2.3,2.054,6.4,0.1834,0.0
563.0713102817535,CHARGING,SUPERCAP,2.3,2.056,6.371,0.1839,0.0
563.3521406650543,CHARGING,SUPERCAP,2.3,2.059,6.378,0.1844,0.0
563.6319983005524,CHARGING,SUPERCAP,2.3,2.06,6.378,0.1849,0.0
563.9182105064392,CHARGING,SUPERCAP,2.3,2.061,6.378,0.1854,0.0
564.2045381069183,CHARGING,SUPERCAP,2.3,2.062,6.374,0.1859,0.0
564.4842808246613,CHARGING,SUPERCAP,2.3,2.064,6.371,0.1864,0.0
564.7724058628082,CHARGING,SUPERCAP,2.3,2.064,6.367,0.1869,0.0
565.0552277565002,CHARGING,SUPERCAP,2.3,2.066,6.374,0.1874,0.0
565.3382461071014,CHARGING,SUPERCAP,2.3,2.069,6.367,0.1879,0.0
565.6216335296631,CHARGING,SUPERCAP,2.3,2.07,6.363,0.1884,0.0
565.9005627632141,CHARGING,SUPERCAP,2.3,2.07,6.371,0.1889,0.0
566.1914486885071,CHARGING,SUPERCAP,2.3,2.073,6.352,0.1894,0.0
566.4744307994843,CHARGING,SUPERCAP,2.3,2.074,6.349,0.1899,0.0
566.7606961727142,CHARGING,SUPERCAP,2.3,2.075,6.349,0.1904,0.0
567.0379316806793,CHARGING,SUPERCAP,2.3,2.077,6.349,0.191,0.0
567.3188955783844,CHARGING,SUPERCAP,2.3,2.078,6.334,0.1915,0.0
567.6109516620636,CHARGING,SUPERCAP,2.3,2.081,6.327,0.192,0.0
567.893128156662,CHARGING,SUPERCAP,2.3,2.081,6.331,0.1925,0.0
568.1696991920471,CHARGING,SUPERCAP,2.3,2.082,6.334,0.193,0.0
568.4600689411163,CHARGING,SUPERCAP,2.3,2.085,6.327,0.1935,0.0
568.7456295490265,CHARGING,SUPERCAP,2.3,2.086,6.32,0.194,0.0
569.0285801887512,CHARGING,SUPERCAP,2.3,2.086,6.309,0.1945,0.0
569.3119406700134,CHARGING,SUPERCAP,2.3,2.089,6.312,0.195,0.0
569.593976020813,CHARGING,SUPERCAP,2.3,2.09,6.334,0.1955,0.0
569.8742089271545,CHARGING,SUPERCAP,2.3,2.091,6.327,0.196,0.0
570.1599953174591,CHARGING,SUPERCAP,2.3,2.093,6.312,0.1964,0.0
570.4464235305786,CHARGING,SUPERCAP,2.3,2.095,6.301,0.1969,0.0
570.731290102005,CHARGING,SUPERCAP,2.3,2.095,6.32,0.1974,0.0
571.0158581733704,CHARGING,SUPERCAP,2.3,2.098,6.305,0.1979,0.0
571.2941787242889,CHARGING,SUPERCAP,2.3,2.098,6.298,0.1984,0.0
571.5803380012512,CHARGING,SUPERCAP,2.3,2.099,6.298,0.1989,0.0
571.8629274368286,CHARGING,SUPERCAP,2.3,2.1,6.298,0.1994,0.0
572.1463031768799,CHARGING,SUPERCAP,2.3,2.102,6.283,0.1999,0.0
572.4309620857239,CHARGING,SUPERCAP,2.3,2.104,6.276,0.2004,0.0
572.7148959636688,CHARGING,SUPERCAP,2.3,2.106,6.29,0.2009,0.0
573.0012981891632,CHARGING,SUPERCAP,2.3,2.107,6.287,0.2014,0.0
573.2805109024048,CHARGING,SUPERCAP,2.3,2.107,6.269,0.2019,0.0
573.5670375823975,CHARGING,SUPERCAP,2.3,2.11,6.254,0.2024,0.0
573.8519933223724,CHARGING,SUPERCAP,2.3,2.111,6.261,0.2029,0.0
574.1317539215088,CHARGING,SUPERCAP,2.3,2.114,6.287,0.2034,0.0
574.4197006225586,CHARGING,SUPERCAP,2.3,2.113,6.276,0.2039,0.0
574.698403596878,CHARGING,SUPERCAP,2.3,2.116,6.283,0.2044,0.0
574.9879169464111,CHARGING,SUPERCAP,2.3,2.118,6.243,0.2049,0.0
575.2701287269592,CHARGING,SUPERCAP,2.3,2.118,6.247,0.2054,0.0
575.5539968013763,CHARGING,SUPERCAP,2.3,2.12,6.254,0.2059,0.0
575.8327023983002,CHARGING,SUPERCAP,2.3,2.121,6.265,0.2064,0.0
576.1214828491211,CHARGING,SUPERCAP,2.3,2.123,6.261,0.2069,0.0
576.4059054851532,CHARGING,SUPERCAP,2.3,2.123,6.239,0.2074,0.0
576.6876454353333,CHARGING,SUPERCAP,2.3,2.126,6.232,0.2079,0.0
576.9732570648193,CHARGING,SUPERCAP,2.3,2.126,6.239,0.2084,0.0
577.257744550705,CHARGING,SUPERCAP,2.3,2.127,6.258,0.2088,0.0
577.5360598564148,CHARGING,SUPERCAP,2.3,2.13,6.243,0.2093,0.0
577.8269352912903,CHARGING,SUPERCAP,2.3,2.13,6.228,0.2098,0.0
578.1096653938293,CHARGING,SUPERCAP,2.3,2.132,6.225,0.2103,0.0
578.3908624649048,CHARGING,SUPERCAP,2.3,2.133,6.225,0.2108,0.0
578.6741831302643,CHARGING,SUPERCAP,2.3,2.134,6.221,0.2113,0.0
578.9576625823975,CHARGING,SUPERCAP,2.3,2.136,6.221,0.2118,0.0
579.2417786121368,CHARGING,SUPERCAP,2.3,2.138,6.206,0.2123,0.0
579.5239222049713,CHARGING,SUPERCAP,2.3,2.137,6.217,0.2128,0.0
579.8083491325378,CHARGING,SUPERCAP,2.3,2.14,6.21,0.2133,0.0
580.0909640789032,CHARGING,SUPERCAP,2.3,2.142,6.199,0.2138,0.0
580.378308057785,CHARGING,SUPERCAP,2.3,2.143,6.206,0.2143,0.0
580.6606788635254,CHARGING,SUPERCAP,2.3,2.143,6.225,0.2147,0.0
580.9394617080688,CHARGING,SUPERCAP,2.3,2.145,6.199,0.2152,0.0
581.2305443286896,CHARGING,SUPERCAP,2.3,2.149,6.177,0.2157,0.0
581.5125935077667,CHARGING,SUPERCAP,2.3,2.15,6.185,0.2162,0.0
581.7947471141815,CHARGING,SUPERCAP,2.3,2.148,6.196,0.2167,0.0
582.0808465480804,CHARGING,SUPERCAP,2.3,2.151,6.199,0.2172,0.0
582.3643274307251,CHARGING,SUPERCAP,2.3,2.152,6.174,0.2177,0.0
582.6481063365936,CHARGING,SUPERCAP,2.3,2.154,6.181,0.2182,0.0
582.9296662807465,CHARGING,SUPERCAP,2.3,2.155,6.163,0.2187,0.0
583.2163708209991,CHARGING,SUPERCAP,2.3,2.155,6.181,0.2191,0.0
583.498913526535,CHARGING,SUPERCAP,2.3,2.157,6.188,0.2196,0.0
583.7808446884155,CHARGING,SUPERCAP,2.3,2.16,6.17,0.2201,0.0
584.0680673122406,CHARGING,SUPERCAP,2.3,2.161,6.159,0.2206,0.0
584.3508219718933,CHARGING,SUPERCAP,2.3,2.161,6.163,0.2211,0.0
584.6338796615601,CHARGING,SUPERCAP,2.3,2.163,6.148,0.2216,0.0
584.9161162376404,CHARGING,SUPERCAP,2.3,2.163,6.174,0.2221,0.0
585.1984181404114,CHARGING,SUPERCAP,2.3,2.165,6.159,0.2226,0.0
585.4781498908997,CHARGING,SUPERCAP,2.3,2.167,6.152,0.223,0.0
585.768383026123,CHARGING,SUPERCAP,2.3,2.169,6.144,0.2235,0.0
586.0542588233948,CHARGING,SUPERCAP,2.3,2.17,6.13,0.224,0.0
586.3367531299591,CHARGING,SUPERCAP,2.3,2.172,6.13,0.2245,0.0
586.6200423240662,CHARGING,SUPERCAP,2.3,2.174,6.13,0.225,0.0
586.902327299118,CHARGING,SUPERCAP,2.3,2.174,6.137,0.2255,0.0
587.1860160827637,CHARGING,SUPERCAP,2.3,2.174,6.126,0.226,0.0
587.4676327705383,CHARGING,SUPERCAP,2.3,2.177,6.108,0.2264,0.0
587.7551944255829,CHARGING,SUPERCAP,2.3,2.179,6.112,0.2269,0.0
588.039876461029,CHARGING,SUPERCAP,2.3,2.178,6.126,0.2274,0.0
588.3235094547272,CHARGING,SUPERCAP,2.3,2.18,6.137,0.2279,0.0
588.6061408519745,CHARGING,SUPERCAP,2.3,2.182,6.123,0.2284,0.0
588.8855793476105,CHARGING,SUPERCAP,2.3,2.185,6.097,0.2289,0.0
589.1756041049957,CHARGING,SUPERCAP,2.3,2.184,6.126,0.2293,0.0
589.4507522583008,CHARGING,SUPERCAP,2.3,2.186,6.104,0.2298,0.0
589.7430980205536,CHARGING,SUPERCAP,2.3,2.187,6.126,0.2303,0.0
590.0236706733704,CHARGING,SUPERCAP,2.3,2.188,6.119,0.2308,0.0
590.30690741539,CHARGING,SUPERCAP,2.3,2.19,6.093,0.2313,0.0
590.5891990661621,CHARGING,SUPERCAP,2.3,2.192,6.086,0.2318,0.0
590.8750422000885,CHARGING,SUPERCAP,2.3,2.192,6.104,0.2322,0.0
591.1535289287567,CHARGING,SUPERCAP,2.3,2.192,6.112,0.2327,0.0
591.4371922016144,CHARGING,SUPERCAP,2.3,2.195,6.071,0.2332,0.0
591.7218968868256,CHARGING,SUPERCAP,2.3,2.197,6.079,0.2337,0.0
592.0054311752319,CHARGING,SUPERCAP,2.3,2.197,6.079,0.2342,0.0
592.2916057109833,CHARGING,SUPERCAP,2.3,2.199,6.068,0.2346,0.0
592.5780453681946,CHARGING,SUPERCAP,2.3,2.2,6.075,0.2351,0.0
592.858072757721,CHARGING,SUPERCAP,2.3,2.201,6.093,0.2356,0.0
593.1482861042023,CHARGING,SUPERCAP,2.3,2.203,6.079,0.2361,0.0
593.4311056137085,CHARGING,SUPERCAP,2.3,2.204,6.071,0.2366,0.0
593.7141194343567,CHARGING,SUPERCAP,2.3,2.205,6.071,0.237,0.0
593.9964020252228,CHARGING,SUPERCAP,2.3,2.206,6.068,0.2375,0.0
594.2822029590607,CHARGING,SUPERCAP,2.3,2.208,6.053,0.238,0.0
594.5596339702606,CHARGING,SUPERCAP,2.3,2.21,6.068,0.2385,0.0
594.848132610321,CHARGING,SUPERCAP,2.3,2.211,6.075,0.239,0.0
595.1242640018463,CHARGING,SUPERCAP,2.3,2.212,6.068,0.2394,0.0
595.4174201488495,CHARGING,SUPERCAP,2.3,2.213,6.053,0.2399,0.0
595.6981687545776,CHARGING,SUPERCAP,2.3,2.216,6.031,0.2404,0.0
595.9804482460022,CHARGING,SUPERCAP,2.3,2.216,6.071,0.2409,0.0
596.2681751251221,CHARGING,SUPERCAP,2.3,2.218,6.057,0.2414,0.0
596.5520741939545,CHARGING,SUPERCAP,2.3,2.219,6.039,0.2418,0.0
596.8353712558746,CHARGING,SUPERCAP,2.3,2.22,6.035,0.2423,0.0
597.1183018684387,CHARGING,SUPERCAP,2.3,2.221,6.028,0.2428,0.0
597.4010934829712,CHARGING,SUPERCAP,2.3,2.221,6.035,0.2433,0.0
597.6874477863312,CHARGING,SUPERCAP,2.3,2.224,6.035,0.2437,0.0
597.9691271781921,CHARGING,SUPERCAP,2.3,2.226,6.024,0.2442,0.0
598.2483563423157,CHARGING,SUPERCAP,2.3,2.228,6.002,0.2447,0.0
598.5328280925751,CHARGING,SUPERCAP,2.3,2.228,6.02,0.2452,0.0
598.8207893371582,CHARGING,SUPERCAP,2.3,2.23,6.006,0.2456,0.0
599.1041896343231,CHARGING,SUPERCAP,2.3,2.232,6.02,0.2461,0.0
599.3845164775848,CHARGING,SUPERCAP,2.3,2.233,6.009,0.2466,0.0
599.66969871521,CHARGING,SUPERCAP,2.3,2.234,6.009,0.2471,0.0
599.9554741382599,CHARGING,SUPERCAP,2.3,2.235,5.991,0.2475,0.0
600.2409789562225,CHARGING,SUPERCAP,2.3,2.235,6.002,0.248,0.0
600.5211110115051,CHARGING,SUPERCAP,2.3,2.237,5.998,0.2485,0.0
600.8071825504303,CHARGING,SUPERCAP,2.3,2.239,5.995,0.249,0.0
601.0905902385712,CHARGING,SUPERCAP,2.3,2.24,6.02,0.2494,0.0
601.3738315105438,CHARGING,SUPERCAP,2.3,2.241,5.998,0.2499,0.0
601.6593747138977,CHARGING,SUPERCAP,2.3,2.242,5.995,0.2504,0.0
601.9367182254791,CHARGING,SUPERCAP,2.3,2.243,5.991,0.2509,0.0
602.2185246944427,CHARGING,SUPERCAP,2.3,2.244,5.984,0.2513,0.0
602.5097444057465,CHARGING,SUPERCAP,2.3,2.246,5.995,0.2518,0.0
602.7940392494202,CHARGING,SUPERCAP,2.3,2.247,5.962,0.2523,0.0
603.0774025917053,CHARGING,SUPERCAP,2.3,2.248,5.998,0.2527,0.0
603.3534059524536,CHARGING,SUPERCAP,2.3,2.25,5.977,0.2532,0.0
603.6458632946014,CHARGING,SUPERCAP,2.3,2.252,5.973,0.2537,0.0
603.929258108139,CHARGING,SUPERCAP,2.3,2.252,5.958,0.2542,0.0
604.2103514671326,CHARGING,SUPERCAP,2.3,2.253,5.966,0.2546,0.0
604.4972538948059,CHARGING,SUPERCAP,2.3,2.255,5.973,0.2551,0.0
604.7801470756531,CHARGING,SUPERCAP,2.3,2.257,5.969,0.2556,0.0
605.0594215393066,CHARGING,SUPERCAP,2.3,2.257,5.947,0.256,0.0
605.345805644989,CHARGING,SUPERCAP,2.3,2.258,5.955,0.2565,0.0
605.6311531066895,CHARGING,SUPERCAP,2.3,2.259,5.966,0.257,0.0
605.9151306152344,CHARGING,SUPERCAP,2.3,2.261,5.969,0.2575,0.0
606.1982500553131,CHARGING,SUPERCAP,2.3,2.262,5.944,0.2579,0.0
606.4837448596954,CHARGING,SUPERCAP,2.3,2.264,5.94,0.2584,0.0
606.7673997879028,CHARGING,SUPERCAP,2.3,2.264,5.936,0.2589,0.0
607.0501413345337,CHARGING,SUPERCAP,2.3,2.266,5.929,0.2593,0.0
607.3321688175201,CHARGING,SUPERCAP,2.3,2.269,5.925,0.2598,0.0
607.6184964179993,CHARGING,SUPERCAP,2.3,2.269,5.929,0.2603,0.0
607.9013104438782,CHARGING,SUPERCAP,2.3,2.27,5.951,0.2607,0.0
608.1788010597229,CHARGING,SUPERCAP,2.3,2.273,5.918,0.2612,0.0
608.4673330783844,CHARGING,SUPERCAP,2.3,2.272,5.925,0.2617,0.0
608.7525401115417,CHARGING,SUPERCAP,2.3,2.274,5.922,0.2621,0.0
609.0355694293976,CHARGING,SUPERCAP,2.3,2.275,5.914,0.2626,0.0
609.3208842277527,CHARGING,SUPERCAP,2.3,2.276,5.918,0.2631,0.0
609.6056349277496,CHARGING,SUPERCAP,2.3,2.278,5.911,0.2635,0.0
609.8876948356628,CHARGING,SUPERCAP,2.3,2.278,5.925,0.264,0.0
610.1701970100403,CHARGING,SUPERCAP,2.3,2.28,5.904,0.2645,0.0
610.455411195755,CHARGING,SUPERCAP,2.3,2.281,5.911,0.2649,0.0
610.7327282428741,CHARGING,SUPERCAP,2.3,2.283,5.9,0.2654,0.0
611.015084028244,CHARGING,SUPERCAP,2.3,2.286,5.904,0.2659,0.0
611.305294752121,CHARGING,SUPERCAP,2.3,2.286,5.922,0.2663,0.0
611.590823173523,CHARGING,SUPERCAP,2.3,2.287,5.896,0.2668,0.0
611.8750517368317,CHARGING,SUPERCAP,2.3,2.287,5.882,0.2673,0.0
612.1484379768372,CHARGING,SUPERCAP,2.3,2.289,5.878,0.2677,0.0
612.4397768974304,CHARGING,SUPERCAP,2.3,2.29,5.9,0.2682,0.0
612.7179317474365,CHARGING,SUPERCAP,2.3,2.291,5.889,0.2687,0.0
613.0097289085388,CHARGING,SUPERCAP,2.3,2.293,5.889,0.2691,0.0
613.293155670166,CHARGING,SUPERCAP,2.3,2.294,5.882,0.2696,0.0
613.5778968334198,CHARGING,SUPERCAP,2.3,2.296,5.86,0.2701,0.0
613.8583080768585,CHARGING,SUPERCAP,2.3,2.296,5.863,0.2705,0.0
614.1421229839325,CHARGING,SUPERCAP,2.3,2.298,5.867,0.271,0.0
614.4266686439514,CHARGING,SUPERCAP,2.3,2.3,5.871,0.2715,0.0
614.7107791900635,DONE,SUPERCAP,2.3,2.293,-0.075,0.2717,0.0
614.991726398468,DONE,SUPERCAP,2.3,2.286,-0.02,0.2717,0.0
615.2778210639954,DONE,SUPERCAP,2.3,2.283,-0.042,0.2717,0.0
615.5634534358978,DONE,SUPERCAP,2.3,2.29,-0.101,0.2717,0.0
615.8465175628662,DONE,SUPERCAP,2.3,2.286,-0.031,0.2717,0.0
616.1304154396057,DONE,SUPERCAP,2.3,2.285,-0.053,0.2717,0.0
616.4104237556458,DONE,SUPERCAP,2.3,2.291,-0.112,0.2717,0.0
616.6985545158386,DONE,SUPERCAP,2.3,2.288,-0.068,0.2717,0.0
616.9808049201965,DONE,SUPERCAP,2.3,2.288,-0.079,0.2717,0.0
617.2638545036316,DONE,SUPERCAP,2.3,2.283,-0.028,0.2717,0.0
617.5470736026764,DONE,SUPERCAP,2.3,2.285,-0.053,0.2717,0.0
617.8300845623016,DONE,SUPERCAP,2.3,2.288,-0.104,0.2717,0.0
618.110363483429,DONE,SUPERCAP,2.3,2.28,-0.035,0.2717,0.0
618.3991284370422,DONE,SUPERCAP,2.3,2.287,-0.112,0.2717,0.0
618.6818571090698,DONE,SUPERCAP,2.3,2.283,-0.031,0.2717,0.0
618.963663816452,DONE,SUPERCAP,2.3,2.285,-0.093,0.2717,0.0
619.247079372406,DONE,SUPERCAP,2.3,2.285,-0.086,0.2717,0.0
619.5319681167603,DONE,SUPERCAP,2.3,2.279,-0.02,0.2717,0.0
619.8156349658966,DONE,SUPERCAP,2.3,2.286,-0.082,0.2717,0.0
620.0989589691162,DONE,SUPERCAP,2.3,2.283,-0.039,0.2717,0.0
620.3810610771179,DONE,SUPERCAP,2.3,2.282,-0.035,0.2717,0.0
620.6609175205231,DONE,SUPERCAP,2.3,2.282,-0.046,0.2717,0.0
620.9444234371185,DONE,SUPERCAP,2.3,2.283,-0.075,0.2717,0.0
621.2296776771545,DONE,SUPERCAP,2.3,2.281,-0.035,0.2717,0.0
621.5155847072601,DONE,SUPERCAP,2.3,2.281,-0.013,0.2717,0.0
621.7902836799622,DONE,SUPERCAP,2.3,2.283,-0.053,0.2717,0.0
622.0767307281494,DONE,SUPERCAP,2.3,2.281,-0.05,0.2717,0.0
622.3634886741638,DONE,SUPERCAP,2.3,2.28,-0.061,0.2717,0.0
622.6467049121857,DONE,SUPERCAP,2.3,2.286,-0.079,0.2717,0.0
622.9332010746002,DONE,SUPERCAP,2.3,2.281,-0.039,0.2717,0.0
623.214644908905,DONE,SUPERCAP,2.3,2.281,-0.057,0.2717,0.0
623.4926376342773,DONE,SUPERCAP,2.3,2.279,-0.009,0.2717,0.0
623.780166387558,DONE,SUPERCAP,2.3,2.281,-0.061,0.2717,0.0
624.0609166622162,DONE,SUPERCAP,2.3,2.285,-0.072,0.2717,0.0
624.3469128608704,DONE,SUPERCAP,2.3,2.281,-0.042,0.2717,0.0
624.6307349205017,DONE,SUPERCAP,2.3,2.284,-0.09,0.2717,0.0
624.9067387580872,DONE,SUPERCAP,2.3,2.278,-0.039,0.2717,0.0
625.1973268985748,DONE,SUPERCAP,2.3,2.277,-0.042,0.2717,0.0
625.4707615375519,DONE,SUPERCAP,2.3,2.283,-0.068,0.2717,0.0
625.7635872364044,DONE,SUPERCAP,2.3,2.284,-0.112,0.2717,0.0
626.0492117404938,DONE,SUPERCAP,2.3,2.278,-0.05,0.2717,0.0
626.3297355175018,DONE,SUPERCAP,2.3,2.28,-0.05,0.2717,0.0
626.6144795417786,DONE,SUPERCAP,2.3,2.279,-0.05,0.2717,0.0
626.898250579834,DONE,SUPERCAP,2.3,2.282,-0.112,0.2717,0.0
627.1799182891846,DONE,SUPERCAP,2.3,2.279,-0.053,0.2717,0.0
627.4669005870819,DONE,SUPERCAP,2.3,2.28,-0.046,0.2717,0.0
627.7459259033203,DONE,SUPERCAP,2.3,2.279,-0.079,0.2717,0.0
628.0275423526764,DONE,SUPERCAP,2.3,2.273,-0.009,0.2717,0.0
628.3148770332336,DONE,SUPERCAP,2.3,2.277,-0.039,0.2717,0.0
628.597903251648,DONE,SUPERCAP,2.3,2.28,-0.068,0.2717,0.0
628.8794791698456,DONE,SUPERCAP,2.3,2.28,-0.064,0.2717,0.0
629.1670820713043,DONE,SUPERCAP,2.3,2.282,-0.086,0.2717,0.0
629.4494957923889,DONE,SUPERCAP,2.3,2.277,-0.046,0.2717,0.0
629.7277140617371,DONE,SUPERCAP,2.3,2.277,-0.061,0.2717,0.0
630.0149486064911,DONE,SUPERCAP,2.3,2.284,-0.126,0.2717,0.0
630.2961783409119,DONE,SUPERCAP,2.3,2.279,-0.053,0.2717,0.0
630.5795369148254,DONE,SUPERCAP,2.3,2.281,-0.108,0.2717,0.0
630.8608660697937,DONE,SUPERCAP,2.3,2.278,-0.035,0.2717,0.0
631.1493957042694,DONE,SUPERCAP,2.3,2.275,-0.035,0.2717,0.0
631.4300737380981,DONE,SUPERCAP,2.3,2.281,-0.119,0.2717,0.0
631.7146854400635,DONE,SUPERCAP,2.3,2.271,0.001,0.2717,0.0
631.9973256587982,DONE,SUPERCAP,2.3,2.279,-0.061,0.2717,0.0
632.2827279567719,DONE,SUPERCAP,2.3,2.275,-0.053,0.2717,0.0
632.5665271282196,DONE,SUPERCAP,2.3,2.272,-0.017,0.2717,0.0
632.8458607196808,DONE,SUPERCAP,2.3,2.276,-0.039,0.2717,0.0
633.1300699710846,DONE,SUPERCAP,2.3,2.28,-0.093,0.2717,0.0
633.4139106273651,DONE,SUPERCAP,2.3,2.278,-0.082,0.2717,0.0
633.6969749927521,DONE,SUPERCAP,2.3,2.274,-0.028,0.2717,0.0
633.9825644493103,DONE,SUPERCAP,2.3,2.273,-0.024,0.2717,0.0
634.2661828994751,DONE,SUPERCAP,2.3,2.273,-0.002,0.2717,0.0
634.5489196777344,DONE,SUPERCAP,2.3,2.272,-0.05,0.2717,0.0
634.8289873600006,DONE,SUPERCAP,2.3,2.272,-0.028,0.2717,0.0
635.1179809570312,DONE,SUPERCAP,2.3,2.279,-0.101,0.2717,0.0
635.3967704772949,DONE,SUPERCAP,2.3,2.273,-0.05,0.2717,0.0
635.6823918819427,DONE,SUPERCAP,2.3,2.274,-0.053,0.2717,0.0
635.9628672599792,DONE,SUPERCAP,2.3,2.278,-0.104,0.2717,0.0
636.2486531734467,DONE,SUPERCAP,2.3,2.276,-0.068,0.2717,0.0
636.5302498340607,DONE,SUPERCAP,2.3,2.271,0.001,0.2717,0.0
636.8176717758179,DONE,SUPERCAP,2.3,2.277,-0.097,0.2717,0.0
637.0994291305542,DONE,SUPERCAP,2.3,2.272,-0.042,0.2717,0.0
637.3787932395935,DONE,SUPERCAP,2.3,2.272,-0.031,0.2717,0.0
637.6647341251373,DONE,SUPERCAP,2.3,2.272,-0.042,0.2717,0.0
637.940685749054,DONE,SUPERCAP,2.3,2.276,-0.093,0.2717,0.0
638.234854221344,DONE,SUPERCAP,2.3,2.273,-0.031,0.2717,0.0
638.5174052715302,DONE,SUPERCAP,2.3,2.272,-0.05,0.2717,0.0
638.7992844581604,DONE,SUPERCAP,2.3,2.269,0.005,0.2717,0.0
639.0805404186249,DONE,SUPERCAP,2.3,2.269,-0.013,0.2717,0.0
639.3653910160065,DONE,SUPERCAP,2.3,2.271,-0.031,0.2717,0.0
639.6473474502563,DONE,SUPERCAP,2.3,2.27,-0.02,0.2717,0.0
639.933277130127,DONE,SUPERCAP,2.3,2.273,-0.061,0.2717,0.0
640.2162735462189,DONE,SUPERCAP,2.3,2.27,-0.035,0.2717,0.0
640.4992032051086,DONE,SUPERCAP,2.3,2.272,-0.046,0.2717,0.0
640.7795596122742,DONE,SUPERCAP,2.3,2.274,-0.082,0.2717,0.0
641.0592288970947,DONE,SUPERCAP,2.3,2.275,-0.093,0.2717,0.0
641.3428130149841,DONE,SUPERCAP,2.3,2.274,-0.072,0.2717,0.0
641.6344075202942,DONE,SUPERCAP,2.3,2.268,-0.042,0.2717,0.0
641.915741443634,DONE,SUPERCAP,2.3,2.266,-0.009,0.2717,0.0
642.1988308429718,DONE,SUPERCAP,2.3,2.272,-0.057,0.2717,0.0
642.4780747890472,DONE,SUPERCAP,2.3,2.276,-0.097,0.2717,0.0
642.7649919986725,DONE,SUPERCAP,2.3,2.27,-0.024,0.2717,0.0
643.0485451221466,DONE,SUPERCAP,2.3,2.275,-0.112,0.2717,0.0
643.3330554962158,DONE,SUPERCAP,2.3,2.273,-0.079,0.2717,0.0
643.6115891933441,DONE,SUPERCAP,2.3,2.272,-0.086,0.2717,0.0
643.8939874172211,DONE,SUPERCAP,2.3,2.271,-0.039,0.2717,0.0
644.1798329353333,DONE,SUPERCAP,2.3,2.271,-0.057,0.2717,0.0
644.4685661792755,DONE,SUPERCAP,2.3,2.271,-0.072,0.2717,0.0
644.7504949569702,DONE,SUPERCAP,2.3,2.264,-0.002,0.2717,0.0
645.032134771347,DONE,SUPERCAP,2.3,2.275,-0.086,0.2717,0.0
645.3171730041504,DONE,SUPERCAP,2.3,2.271,-0.057,0.2717,0.0
645.6005749702454,DONE,SUPERCAP,2.3,2.272,-0.061,0.2717,0.0
645.8762159347534,DONE,SUPERCAP,2.3,2.269,-0.013,0.2717,0.0
646.1606976985931,DONE,SUPERCAP,2.3,2.269,-0.046,0.2717,0.0
646.4497408866882,DONE,SUPERCAP,2.3,2.271,-0.072,0.2717,0.0
646.7295386791229,DONE,SUPERCAP,2.3,2.27,-0.05,0.2717,0.0
647.0154023170471,DONE,SUPERCAP,2.3,2.268,-0.039,0.2717,0.0
647.2971515655518,DONE,SUPERCAP,2.3,2.272,-0.115,0.2717,0.0
647.5851271152496,DONE,SUPERCAP,2.3,2.266,-0.013,0.2717,0.0
647.8671081066132,DONE,SUPERCAP,2.3,2.268,-0.05,0.2717,0.0
648.1498284339905,DONE,SUPERCAP,2.3,2.269,-0.079,0.2717,0.0
648.4301865100861,DONE,SUPERCAP,2.3,2.268,-0.031,0.2717,0.0
648.7098522186279,DONE,SUPERCAP,2.3,2.272,-0.057,0.2717,0.0
649.0005624294281,DONE,SUPERCAP,2.3,2.271,-0.09,0.2717,0.0
649.28240275383,DONE,SUPERCAP,2.3,2.27,-0.079,0.2717,0.0
649.5670788288116,DONE,SUPERCAP,2.3,2.266,0.016,0.2717,0.0
649.8504259586334,DONE,SUPERCAP,2.3,2.272,-0.075,0.2717,0.0
650.1332986354828,DONE,SUPERCAP,2.3,2.269,-0.061,0.2717,0.0
650.4106059074402,DONE,SUPERCAP,2.3,2.268,-0.064,0.2717,0.0
650.7013392448425,DONE,SUPERCAP,2.3,2.267,-0.053,0.2717,0.0
650.9816083908081,DONE,SUPERCAP,2.3,2.265,-0.002,0.2717,0.0
651.2668080329895,DONE,SUPERCAP,2.3,2.267,-0.057,0.2717,0.0
651.549720287323,DONE,SUPERCAP,2.3,2.272,-0.086,0.2717,0.0
651.8328151702881,DONE,SUPERCAP,2.3,2.265,-0.028,0.2717,0.0
652.1184749603271,DONE,SUPERCAP,2.3,2.266,-0.042,0.2717,0.0
652.400349855423,DONE,SUPERCAP,2.3,2.268,-0.086,0.2717,0.0
652.6836860179901,DONE,SUPERCAP,2.3,2.264,-0.028,0.2717,0.0
652.9663743972778,DONE,SUPERCAP,2.3,2.267,-0.053,0.2717,0.0
653.2505383491516,DONE,SUPERCAP,2.3,2.265,0.012,0.2717,0.0
653.5317809581757,DONE,SUPERCAP,2.3,2.269,-0.039,0.2717,0.0
653.8183872699738,DONE,SUPERCAP,2.3,2.27,-0.082,0.2717,0.0
654.1008126735687,DONE,SUPERCAP,2.3,2.267,-0.072,0.2717,0.0
654.3781642913818,DONE,SUPERCAP,2.3,2.266,-0.082,0.2717,0.0
654.6639664173126,DONE,SUPERCAP,2.3,2.267,-0.068,0.2717,0.0
654.9504735469818,DONE,SUPERCAP,2.3,2.263,-0.02,0.2717,0.0
655.2351822853088,DONE,SUPERCAP,2.3,2.265,-0.057,0.2717,0.0
655.5101139545441,DONE,SUPERCAP,2.3,2.264,-0.053,0.2717,0.0
655.8002841472626,DONE,SUPERCAP,2.3,2.267,-0.05,0.2717,0.0
656.083331823349,DONE,SUPERCAP,2.3,2.265,-0.028,0.2717,0.0
656.3604049682617,DONE,SUPERCAP,2.3,2.264,-0.02,0.2717,0.0
656.6495115756989,DONE,SUPERCAP,2.3,2.266,-0.086,0.2717,0.0
656.9347076416016,DONE,SUPERCAP,2.3,2.272,-0.123,0.2717,0.0
657.2184865474701,DONE,SUPERCAP,2.3,2.263,-0.042,0.2717,0.0
657.4972324371338,DONE,SUPERCAP,2.3,2.265,-0.075,0.2717,0.0
657.7810747623444,DONE,SUPERCAP,2.3,2.264,-0.042,0.2717,0.0
658.0666217803955,DONE,SUPERCAP,2.3,2.263,-0.02,0.2717,0.0
658.3515532016754,DONE,SUPERCAP,2.3,2.262,-0.042,0.2717,0.0
658.6346414089203,DONE,SUPERCAP,2.3,2.267,-0.079,0.2717,0.0
658.9177720546722,DONE,SUPERCAP,2.3,2.265,-0.072,0.2717,0.0
659.1996176242828,DONE,SUPERCAP,2.3,2.265,-0.075,0.2717,0.0
659.4827201366425,DONE,SUPERCAP,2.3,2.265,-0.064,0.2717,0.0
659.7663495540619,DONE,SUPERCAP,2.3,2.267,-0.097,0.2717,0.0
660.0482540130615,DONE,SUPERCAP,2.3,2.263,-0.028,0.2717,0.0
660.3305292129517,DONE,SUPERCAP,2.3,2.265,-0.072,0.2717,0.0
660.6180679798126,DONE,SUPERCAP,2.3,2.266,-0.09,0.2717,0.0
660.8998804092407,DONE,SUPERCAP,2.3,2.266,-0.072,0.2717,0.0
661.182784318924,DONE,SUPERCAP,2.3,2.262,-0.053,0.2717,0.0
661.4660704135895,DONE,SUPERCAP,2.3,2.267,-0.086,0.2717,0.0
661.751622915268,DONE,SUPERCAP,2.3,2.266,-0.112,0.2717,0.0
662.0343029499054,DONE,SUPERCAP,2.3,2.269,-0.115,0.2717,0.0
662.316737651825,DONE,SUPERCAP,2.3,2.263,-0.057,0.2717,0.0
662.599541425705,DONE,SUPERCAP,2.3,2.265,-0.101,0.2717,0.0
662.8863949775696,DONE,SUPERCAP,2.3,2.266,-0.093,0.2717,0.0
663.1695387363434,DONE,SUPERCAP,2.3,2.265,-0.075,0.2717,0.0
663.4448144435883,DONE,SUPERCAP,2.3,2.26,-0.031,0.2717,0.0
663.733564376831,DONE,SUPERCAP,2.3,2.264,-0.086,0.2717,0.0
664.0129737854004,DONE,SUPERCAP,2.3,2.261,-0.035,0.2717,0.0
664.299880027771,DONE,SUPERCAP,2.3,2.261,-0.05,0.2717,0.0
664.5861926078796,DONE,SUPERCAP,2.3,2.263,-0.068,0.2717,0.0
664.8693516254425,DONE,SUPERCAP,2.3,2.259,0.009,0.2717,0.0
665.1495144367218,DONE,SUPERCAP,2.3,2.261,-0.068,0.2717,0.0
665.4342334270477,DONE,SUPERCAP,2.3,2.264,-0.082,0.2717,0.0
665.7191581726074,DONE,SUPERCAP,2.3,2.265,-0.104,0.2717,0.0
666.0018675327301,DONE,SUPERCAP,2.3,2.26,-0.039,0.2717,0.0
666.2851848602295,DONE,SUPERCAP,2.3,2.264,-0.115,0.2717,0.0
666.5651566982269,DONE,SUPERCAP,2.3,2.259,-0.028,0.2717,0.0
666.8510222434998,DONE,SUPERCAP,2.3,2.264,-0.093,0.2717,0.0
667.1343297958374,DONE,SUPERCAP,2.3,2.26,-0.024,0.2717,0.0
667.4171350002289,DONE,SUPERCAP,2.3,2.26,-0.039,0.2717,0.0
667.7025563716888,DONE,SUPERCAP,2.3,2.261,-0.093,0.2717,0.0
667.9861614704132,DONE,SUPERCAP,2.3,2.259,0.001,0.2717,0.0
668.269917011261,DONE,SUPERCAP,2.3,2.266,-0.123,0.2717,0.0
668.5502371788025,DONE,SUPERCAP,2.3,2.261,-0.079,0.2717,0.0
668.8361926078796,DONE,SUPERCAP,2.3,2.258,-0.024,0.2717,0.0
669.1169419288635,DONE,SUPERCAP,2.3,2.26,-0.035,0.2717,0.0
669.4026262760162,DONE,SUPERCAP,2.3,2.263,-0.086,0.2717,0.0
669.6859505176544,DONE,SUPERCAP,2.3,2.259,-0.05,0.2717,0.0
669.9597852230072,DONE,SUPERCAP,2.3,2.258,-0.017,0.2717,0.0
670.24986743927,DONE,SUPERCAP,2.3,2.264,-0.115,0.2717,0.0
670.5341372489929,DONE,SUPERCAP,2.3,2.262,-0.075,0.2717,0.0
670.8165862560272,DONE,SUPERCAP,2.3,2.263,-0.101,0.2717,0.0
671.1022183895111,DONE,SUPERCAP,2.3,2.264,-0.093,0.2717,0.0
671.3771345615387,DONE,SUPERCAP,2.3,2.262,-0.086,0.2717,0.0
671.6699459552765,DONE,SUPERCAP,2.3,2.258,-0.006,0.2717,0.0
671.943359375,DONE,SUPERCAP,2.3,2.259,-0.068,0.2717,0.0
672.2336728572845,DONE,SUPERCAP,2.3,2.258,-0.064,0.2717,0.0
672.5191159248352,DONE,SUPERCAP,2.3,2.255,-0.046,0.2717,0.0
672.8018753528595,DONE,SUPERCAP,2.3,2.258,-0.031,0.2717,0.0
673.0855040550232,DONE,SUPERCAP,2.3,2.26,-0.093,0.2717,0.0
673.3681194782257,DONE,SUPERCAP,2.3,2.263,-0.086,0.2717,0.0
673.6495487689972,DONE,SUPERCAP,2.3,2.258,-0.035,0.2717,0.0
673.9298729896545,DONE,SUPERCAP,2.3,2.254,-0.031,0.2717,0.0
674.2195470333099,DONE,SUPERCAP,2.3,2.258,-0.035,0.2717,0.0
674.5011539459229,DONE,SUPERCAP,2.3,2.259,-0.028,0.2717,0.0
674.7852518558502,DONE,SUPERCAP,2.3,2.262,-0.108,0.2717,0.0
675.0697512626648,DONE,SUPERCAP,2.3,2.256,-0.053,0.2717,0.0
675.3459813594818,DONE,SUPERCAP,2.3,2.258,-0.039,0.2717,0.0
675.6293637752533,DONE,SUPERCAP,2.3,2.261,-0.079,0.2717,0.0
675.9195511341095,DONE,SUPERCAP,2.3,2.261,-0.072,0.2717,0.0
676.19677901268,DONE,SUPERCAP,2.3,2.256,-0.031,0.2717,0.0
676.4851357936859,DONE,SUPERCAP,2.3,2.257,-0.039,0.2717,0.0
676.766791343689,DONE,SUPERCAP,2.3,2.256,-0.05,0.2717,0.0
677.0535752773285,DONE,SUPERCAP,2.3,2.255,-0.02,0.2717,0.0
677.3368108272552,DONE,SUPERCAP,2.3,2.262,-0.079,0.2717,0.0
677.619580745697,DONE,SUPERCAP,2.3,2.254,0.009,0.2717,0.0
677.9017572402954,DONE,SUPERCAP,2.3,2.256,-0.053,0.2717,0.0
678.1848516464233,DONE,SUPERCAP,2.3,2.259,-0.09,0.2717,0.0
678.4664812088013,DONE,SUPERCAP,2.3,2.26,-0.09,0.2717,0.0
678.7538731098175,DONE,SUPERCAP,2.3,2.254,-0.028,0.2717,0.0
679.0356845855713,DONE,SUPERCAP,2.3,2.257,-0.057,0.2717,0.0
679.3194062709808,DONE,SUPERCAP,2.3,2.253,-0.02,0.2717,0.0
679.599217414856,DONE,SUPERCAP,2.3,2.26,-0.086,0.2717,0.0
679.8854894638062,DONE,SUPERCAP,2.3,2.253,-0.002,0.2717,0.0
680.1701166629791,DONE,SUPERCAP,2.3,2.26,-0.086,0.2717,0.0
680.452383518219,DONE,SUPERCAP,2.3,2.254,-0.013,0.2717,0.0
680.7362267971039,DONE,SUPERCAP,2.3,2.252,0.023,0.2717,0.0
681.0163779258728,DONE,SUPERCAP,2.3,2.261,-0.104,0.2717,0.0
681.2973003387451,DONE,SUPERCAP,2.3,2.256,-0.079,0.2717,0.0
681.5879955291748,DONE,SUPERCAP,2.3,2.255,-0.039,0.2717,0.0
681.8669095039368,DONE,SUPERCAP,2.3,2.257,-0.072,0.2717,0.0
682.1535215377808,DONE,SUPERCAP,2.3,2.256,-0.053,0.2717,0.0
682.4359724521637,DONE,SUPERCAP,2.3,2.254,-0.035,0.2717,0.0
682.7179219722748,DONE,SUPERCAP,2.3,2.253,-0.042,0.2717,0.0
682.9967515468597,DONE,SUPERCAP,2.3,2.259,-0.097,0.2717,0.0
683.2780156135559,DONE,SUPERCAP,2.3,2.256,-0.061,0.2717,0.0
683.5692472457886,DONE,SUPERCAP,2.3,2.252,-0.002,0.2717,0.0
683.8530504703522,DONE,SUPERCAP,2.3,2.256,-0.061,0.2717,0.0
684.1341919898987,DONE,SUPERCAP,2.3,2.257,-0.042,0.2717,0.0
684.4194991588593,DONE,SUPERCAP,2.3,2.252,-0.05,0.2717,0.0
684.7036280632019,DONE,SUPERCAP,2.3,2.254,-0.053,0.2717,0.0
684.9814910888672,DONE,SUPERCAP,2.3,2.257,-0.097,0.2717,0.0
685.2695777416229,DONE,SUPERCAP,2.3,2.255,-0.05,0.2717,0.0
685.5529556274414,DONE,SUPERCAP,2.3,2.253,-0.05,0.2717,0.0
685.8292515277863,DONE,SUPERCAP,2.3,2.258,-0.115,0.2717,0.0
686.1174056529999,DONE,SUPERCAP,2.3,2.255,-0.075,0.2717,0.0
686.4015781879425,DONE,SUPERCAP,2.3,2.255,-0.057,0.2717,0.0
686.6864037513733,DONE,SUPERCAP,2.3,2.256,-0.086,0.2717,0.0
686.9622437953949,DONE,SUPERCAP,2.3,2.253,-0.046,0.2717,0.0
687.2525267601013,DONE,SUPERCAP,2.3,2.25,0.001,0.2717,0.0
687.5286333560944,DONE,SUPERCAP,2.3,2.249,0.023,0.2717,0.0
687.8215947151184,DONE,SUPERCAP,2.3,2.254,-0.053,0.2717,0.0
688.0991022586823,DONE,SUPERCAP,2.3,2.256,-0.075,0.2717,0.0
688.3825078010559,DONE,SUPERCAP,2.3,2.252,-0.057,0.2717,0.0
688.669144153595,DONE,SUPERCAP,2.3,2.254,-0.061,0.2717,0.0
688.9528713226318,DONE,SUPERCAP,2.3,2.256,-0.061,0.2717,0.0
689.2353341579437,DONE,SUPERCAP,2.3,2.253,-0.046,0.2717,0.0
689.5164082050323,DONE,SUPERCAP,2.3,2.253,-0.046,0.2717,0.0
689.8043396472931,DONE,SUPERCAP,2.3,2.255,-0.064,0.2717,0.0
690.0858633518219,DONE,SUPERCAP,2.3,2.252,-0.05,0.2717,0.0
690.3690104484558,DONE,SUPERCAP,2.3,2.255,-0.057,0.2717,0.0
690.6521275043488,DONE,SUPERCAP,2.3,2.25,-0.064,0.2717,0.0
690.9290916919708,DONE,SUPERCAP,2.3,2.256,-0.079,0.2717,0.0
691.2182881832123,DONE,SUPERCAP,2.3,2.251,-0.046,0.2717,0.0
691.5039739608765,DONE,SUPERCAP,2.3,2.257,-0.101,0.2717,0.0
691.7852401733398,DONE,SUPERCAP,2.3,2.259,-0.126,0.2717,0.0
692.0685632228851,DONE,SUPERCAP,2.3,2.25,-0.046,0.2717,0.0
692.3507409095764,DONE,SUPERCAP,2.3,2.255,-0.086,0.2717,0.0
692.6377487182617,DONE,SUPERCAP,2.3,2.252,-0.068,0.2717,0.0
692.9197070598602,DONE,SUPERCAP,2.3,2.251,-0.057,0.2717,0.0
693.2038090229034,DONE,SUPERCAP,2.3,2.25,-0.028,0.2717,0.0
693.4857749938965,DONE,SUPERCAP,2.3,2.25,-0.057,0.2717,0.0
693.7694790363312,DONE,SUPERCAP,2.3,2.253,-0.097,0.2717,0.0
694.0537831783295,DONE,SUPERCAP,2.3,2.254,-0.101,0.2717,0.0
694.3376519680023,DONE,SUPERCAP,2.3,2.249,-0.057,0.2717,0.0
694.6197187900543,DONE,SUPERCAP,2.3,2.254,-0.101,0.2717,0.0
694.9021558761597,DONE,SUPERCAP,2.3,2.255,-0.068,0.2717,0.0
695.1856775283813,DONE,SUPERCAP,2.3,2.251,-0.079,0.2717,0.0
695.4687569141388,DONE,SUPERCAP,2.3,2.255,-0.112,0.2717,0.0
695.7542207241058,DONE,SUPERCAP,2.3,2.246,-0.053,0.2717,0.0
696.032594203949,DONE,SUPERCAP,2.3,2.252,-0.068,0.2717,0.0
696.3203065395355,DONE,SUPERCAP,2.3,2.251,-0.064,0.2717,0.0
696.6002249717712,DONE,SUPERCAP,2.3,2.248,-0.031,0.2717,0.0
696.885561466217,DONE,SUPERCAP,2.3,2.25,-0.057,0.2717,0.0
697.1702630519867,DONE,SUPERCAP,2.3,2.253,-0.072,0.2717,0.0
697.4497594833374,DONE,SUPERCAP,2.3,2.252,-0.064,0.2717,0.0
697.7282061576843,DONE,SUPERCAP,2.3,2.247,-0.028,0.2717,0.0
698.0154793262482,DONE,SUPERCAP,2.3,2.25,-0.039,0.2717,0.0
698.3022487163544,DONE,SUPERCAP,2.3,2.25,-0.039,0.2717,0.0
698.5856213569641,DONE,SUPERCAP,2.3,2.249,-0.064,0.2717,0.0
698.8689424991608,DONE,SUPERCAP,2.3,2.255,-0.101,0.2717,0.0
699.1542007923126,DONE,SUPERCAP,2.3,2.25,-0.075,0.2717,0.0
699.4289073944092,DONE,SUPERCAP,2.3,2.25,-0.072,0.2717,0.0
699.7189755439758,DONE,SUPERCAP,2.3,2.249,-0.075,0.2717,0.0
700.002180814743,DONE,SUPERCAP,2.3,2.251,-0.068,0.2717,0.0
700.2876453399658,DONE,SUPERCAP,2.3,2.248,-0.079,0.2717,0.0
700.5704317092896,DONE,SUPERCAP,2.3,2.253,-0.09,0.2717,0.0
700.8534133434296,DONE,SUPERCAP,2.3,2.251,-0.075,0.2717,0.0
701.1274921894073,DONE,SUPERCAP,2.3,2.253,-0.108,0.2717,0.0
701.4190623760223,DONE,SUPERCAP,2.3,2.25,-0.057,0.2717,0.0
701.7019336223602,DONE,SUPERCAP,2.3,2.25,-0.061,0.2717,0.0
701.989001750946,DONE,SUPERCAP,2.3,2.245,-0.013,0.2717,0.0
702.2624366283417,DONE,SUPERCAP,2.3,2.25,-0.082,0.2717,0.0
702.5537207126617,DONE,SUPERCAP,2.3,2.249,-0.057,0.2717,0.0
702.8369493484497,DONE,SUPERCAP,2.3,2.248,-0.05,0.2717,0.0
703.1176640987396,DONE,SUPERCAP,2.3,2.253,-0.09,0.2717,0.0
703.4049968719482,DONE,SUPERCAP,2.3,2.246,-0.039,0.2717,0.0
703.6847250461578,DONE,SUPERCAP,2.3,2.249,-0.064,0.2717,0.0
703.9712810516357,DONE,SUPERCAP,2.3,2.247,-0.082,0.2717,0.0
704.2535538673401,DONE,SUPERCAP,2.3,2.248,-0.061,0.2717,0.0
704.5366501808167,DONE,SUPERCAP,2.3,2.248,-0.068,0.2717,0.0
704.8222100734711,DONE,SUPERCAP,2.3,2.246,-0.042,0.2717,0.0
705.1055953502655,DONE,SUPERCAP,2.3,2.249,-0.057,0.2717,0.0
705.3883497714996,DONE,SUPERCAP,2.3,2.245,-0.035,0.2717,0.0
705.6689534187317,DONE,SUPERCAP,2.3,2.245,-0.039,0.2717,0.0
705.9494059085846,DONE,SUPERCAP,2.3,2.248,-0.075,0.2717,0.0
706.233927488327,DONE,SUPERCAP,2.3,2.246,-0.053,0.2717,0.0
706.5193574428558,DONE,SUPERCAP,2.3,2.248,-0.064,0.2717,0.0
706.804356098175,DONE,SUPERCAP,2.3,2.244,-0.002,0.2717,0.0
707.0867466926575,DONE,SUPERCAP,2.3,2.252,-0.09,0.2717,0.0
707.3696630001068,DONE,SUPERCAP,2.3,2.247,-0.042,0.2717,0.0
707.6497991085052,DONE,SUPERCAP,2.3,2.246,-0.017,0.2717,0.0
707.9361028671265,DONE,SUPERCAP,2.3,2.249,-0.093,0.2717,0.0
708.2214248180389,DONE,SUPERCAP,2.3,2.25,-0.068,0.2717,0.0
708.4967443943024,DONE,SUPERCAP,2.3,2.243,-0.031,0.2717,0.0
708.7855277061462,DONE,SUPERCAP,2.3,2.245,-0.046,0.2717,0.0
709.0720264911652,DONE,SUPERCAP,2.3,2.25,-0.115,0.2717,0.0
709.3490378856659,DONE,SUPERCAP,2.3,2.245,-0.02,0.2717,0.0
709.6339020729065,DONE,SUPERCAP,2.3,2.248,-0.072,0.2717,0.0
709.9205222129822,DONE,SUPERCAP,2.3,2.248,-0.061,0.2717,0.0
710.2041349411011,DONE,SUPERCAP,2.3,2.243,-0.002,0.2717,0.0
710.4876801967621,DONE,SUPERCAP,2.3,2.247,-0.05,0.2717,0.0
710.7713170051575,DONE,SUPERCAP,2.3,2.249,-0.112,0.2717,0.0
711.049592256546,DONE,SUPERCAP,2.3,2.245,-0.039,0.2717,0.0
711.3386328220367,DONE,SUPERCAP,2.3,2.246,-0.053,0.2717,0.0
711.6214089393616,DONE,SUPERCAP,2.3,2.247,-0.086,0.2717,0.0
711.8994283676147,DONE,SUPERCAP,2.3,2.243,-0.009,0.2717,0.0
712.1874451637268,DONE,SUPERCAP,2.3,2.248,-0.064,0.2717,0.0
712.4699814319611,DONE,SUPERCAP,2.3,2.25,-0.104,0.2717,0.0
712.7554123401642,DONE,SUPERCAP,2.3,2.248,-0.064,0.2717,0.0
713.0391697883606,DONE,SUPERCAP,2.3,2.245,-0.061,0.2717,0.0
713.3213648796082,DONE,SUPERCAP,2.3,2.246,-0.039,0.2717,0.0
713.6050651073456,DONE,SUPERCAP,2.3,2.245,-0.064,0.2717,0.0
713.887193441391,DONE,SUPERCAP,2.3,2.246,-0.112,0.2717,0.0
714.1734433174133,DONE,SUPERCAP,2.3,2.244,-0.05,0.2717,0.0
714.4493851661682,DONE,SUPERCAP,2.3,2.244,-0.064,0.2717,0.0
714.7391562461853,DONE,SUPERCAP,2.3,2.243,-0.035,0.2717,0.0
715.0213449001312,DONE,SUPERCAP,2.3,2.243,-0.024,0.2717,0.0
715.3034024238586,DONE,SUPERCAP,2.3,2.252,-0.119,0.2717,0.0
715.5862147808075,DONE,SUPERCAP,2.3,2.246,-0.068,0.2717,0.0
715.8687605857849,DONE,SUPERCAP,2.3,2.243,-0.031,0.2717,0.0
716.1518375873566,DONE,SUPERCAP,2.3,2.246,-0.057,0.2717,0.0
716.4308767318726,DONE,SUPERCAP,2.3,2.243,-0.035,0.2717,0.0
716.7163951396942,DONE,SUPERCAP,2.3,2.241,-0.017,0.2717,0.0
717.0038862228394,DONE,SUPERCAP,2.3,2.245,-0.072,0.2717,0.0
717.2895472049713,DONE,SUPERCAP,2.3,2.245,-0.082,0.2717,0.0
717.5731053352356,DONE,SUPERCAP,2.3,2.243,-0.031,0.2717,0.0
717.8551080226898,DONE,SUPERCAP,2.3,2.243,-0.042,0.2717,0.0
718.1378359794617,DONE,SUPERCAP,2.3,2.242,-0.039,0.2717,0.0
718.4211332798004,DONE,SUPERCAP,2.3,2.247,-0.104,0.2717,0.0
718.7038259506226,DONE,SUPERCAP,2.3,2.239,-0.002,0.2717,0.0
718.9857559204102,DONE,SUPERCAP,2.3,2.244,-0.079,0.2717,0.0
719.272768497467,DONE,SUPERCAP,2.3,2.241,-0.053,0.2717,0.0
719.5555844306946,DONE,SUPERCAP,2.3,2.242,-0.028,0.2717,0.0
719.83731341362,DONE,SUPERCAP,2.3,2.248,-0.097,0.2717,0.0
720.1200909614563,DONE,SUPERCAP,2.3,2.246,-0.079,0.2717,0.0
720.407333612442,DONE,SUPERCAP,2.3,2.245,-0.097,0.2717,0.0
720.6892919540405,DONE,SUPERCAP,2.3,2.241,-0.039,0.2717,0.0
720.9640188217163,DONE,SUPERCAP,2.3,2.244,-0.072,0.2717,0.0
721.249035358429,DONE,SUPERCAP,2.3,2.244,-0.086,0.2717,0.0
721.5383076667786,DONE,SUPERCAP,2.3,2.242,-0.09,0.2717,0.0
721.8242230415344,DONE,SUPERCAP,2.3,2.244,-0.075,0.2717,0.0
722.1069824695587,DONE,SUPERCAP,2.3,2.239,-0.039,0.2717,0.0
722.3891568183899,DONE,SUPERCAP,2.3,2.242,-0.05,0.2717,0.0
722.6722996234894,DONE,SUPERCAP,2.3,2.245,-0.097,0.2717,0.0
722.9550576210022,DONE,SUPERCAP,2.3,2.238,0.001,0.2717,0.0
723.237199306488,DONE,SUPERCAP,2.3,2.243,-0.035,0.2717,0.0
723.5231711864471,DONE,SUPERCAP,2.3,2.243,-0.09,0.2717,0.0
723.8047997951508,DONE,SUPERCAP,2.3,2.242,-0.068,0.2717,0.0
724.0875012874603,DONE,SUPERCAP,2.3,2.242,-0.061,0.2717,0.0
724.3686349391937,DONE,SUPERCAP,2.3,2.242,-0.042,0.2717,0.0
724.6540887355804,DONE,SUPERCAP,2.3,2.245,-0.086,0.2717,0.0
724.9403276443481,DONE,SUPERCAP,2.3,2.24,-0.039,0.2717,0.0
725.2236366271973,DONE,SUPERCAP,2.3,2.237,-0.006,0.2717,0.0
725.4986584186554,DONE,SUPERCAP,2.3,2.24,-0.053,0.2717,0.0
725.7902147769928,DONE,SUPERCAP,2.3,2.245,-0.093,0.2717,0.0
726.0631606578827,DONE,SUPERCAP,2.3,2.238,-0.031,0.2717,0.0
726.3537533283234,DONE,SUPERCAP,2.3,2.241,-0.035,0.2717,0.0
726.639719247818,DONE,SUPERCAP,2.3,2.24,-0.072,0.2717,0.0
726.9234938621521,DONE,SUPERCAP,2.3,2.239,-0.039,0.2717,0.0
727.2056605815887,DONE,SUPERCAP,2.3,2.238,-0.031,0.2717,0.0
727.4885594844818,DONE,SUPERCAP,2.3,2.239,-0.042,0.2717,0.0
727.7718284130096,DONE,SUPERCAP,2.3,2.244,-0.09,0.2717,0.0
728.0574772357941,DONE,SUPERCAP,2.3,2.239,-0.042,0.2717,0.0
728.339848279953,DONE,SUPERCAP,2.3,2.241,-0.05,0.2717,0.0
728.6225430965424,DONE,SUPERCAP,2.3,2.242,-0.082,0.2717,0.0
728.9055767059326,DONE,SUPERCAP,2.3,2.241,-0.042,0.2717,0.0
729.1884746551514,DONE,SUPERCAP,2.3,2.236,-0.006,0.2717,0.0
729.4692094326019,DONE,SUPERCAP,2.3,2.245,-0.09,0.2717,0.0
729.7569873332977,DONE,SUPERCAP,2.3,2.242,-0.075,0.2717,0.0
730.0381796360016,DONE,SUPERCAP,2.3,2.243,-0.104,0.2717,0.0
730.3222317695618,DONE,SUPERCAP,2.3,2.244,-0.075,0.2717,0.0
730.605021238327,DONE,SUPERCAP,2.3,2.242,-0.072,0.2717,0.0
730.8923437595367,DONE,SUPERCAP,2.3,2.238,-0.042,0.2717,0.0
731.1680142879486,DONE,SUPERCAP,2.3,2.24,-0.061,0.2717,0.0
731.4571053981781,DONE,SUPERCAP,2.3,2.241,-0.101,0.2717,0.0
731.7384958267212,DONE,SUPERCAP,2.3,2.236,-0.042,0.2717,0.0
732.0184035301208,DONE,SUPERCAP,2.3,2.238,-0.017,0.2717,0.0
732.3052003383636,DONE,SUPERCAP,2.3,2.245,-0.101,0.2717,0.0
732.5882389545441,DONE,SUPERCAP,2.3,2.242,-0.09,0.2717,0.0
732.874737739563,DONE,SUPERCAP,2.3,2.239,-0.061,0.2717,0.0
733.1566276550293,DONE,SUPERCAP,2.3,2.238,-0.05,0.2717,0.0
733.4386157989502,DONE,SUPERCAP,2.3,2.236,0.012,0.2717,0.0
733.7224957942963,DONE,SUPERCAP,2.3,2.24,-0.072,0.2717,0.0
734.0087294578552,DONE,SUPERCAP,2.3,2.236,-0.042,0.2717,0.0
734.2887506484985,DONE,SUPERCAP,2.3,2.241,-0.104,0.2717,0.0
734.5736377239227,DONE,SUPERCAP,2.3,2.237,-0.039,0.2717,0.0
734.858766078949,DONE,SUPERCAP,2.3,2.239,-0.072,0.2717,0.0
735.1388914585114,DONE,SUPERCAP,2.3,2.241,-0.082,0.2717,0.0
735.4218552112579,DONE,SUPERCAP,2.3,2.241,-0.079,0.2717,0.0
735.6999645233154,DONE,SUPERCAP,2.3,2.236,0.012,0.2717,0.0
735.9906940460205,DONE,SUPERCAP,2.3,2.238,-0.028,0.2717,0.0
736.2734949588776,DONE,SUPERCAP,2.3,2.24,-0.072,0.2717,0.0
736.5569236278534,DONE,SUPERCAP,2.3,2.239,-0.068,0.2717,0.0
736.8374834060669,DONE,SUPERCAP,2.3,2.24,-0.061,0.2717,0.0
737.1253564357758,DONE,SUPERCAP,2.3,2.239,-0.079,0.2717,0.0
737.4050307273865,DONE,SUPERCAP,2.3,2.243,-0.119,0.2717,0.0
737.6904516220093,DONE,SUPERCAP,2.3,2.24,-0.072,0.2717,0.0
737.973423242569,DONE,SUPERCAP,2.3,2.237,-0.061,0.2717,0.0
738.2587289810181,DONE,SUPERCAP,2.3,2.237,-0.028,0.2717,0.0
738.5402543544769,DONE,SUPERCAP,2.3,2.241,-0.086,0.2717,0.0
738.8213293552399,DONE,SUPERCAP,2.3,2.24,-0.108,0.2717,0.0
739.1045687198639,DONE,SUPERCAP,2.3,2.236,-0.035,0.2717,0.0
739.3910856246948,DONE,SUPERCAP,2.3,2.238,-0.042,0.2717,0.0
739.6729776859283,DONE,SUPERCAP,2.3,2.234,-0.031,0.2717,0.0
739.9558751583099,DONE,SUPERCAP,2.3,2.237,-0.072,0.2717,0.0
740.2428293228149,DONE,SUPERCAP,2.3,2.235,-0.039,0.2717,0.0
740.5247964859009,DONE,SUPERCAP,2.3,2.236,-0.035,0.2717,0.0
740.8095996379852,DONE,SUPERCAP,2.3,2.239,-0.09,0.2717,0.0
741.0888319015503,DONE,SUPERCAP,2.3,2.236,-0.039,0.2717,0.0
741.3729181289673,DONE,SUPERCAP,2.3,2.241,-0.086,0.2717,0.0
741.6497030258179,DONE,SUPERCAP,2.3,2.233,-0.035,0.2717,0.0
741.9423656463623,DONE,SUPERCAP,2.3,2.244,-0.101,0.2717,0.0
742.2247877120972,DONE,SUPERCAP,2.3,2.235,-0.035,0.2717,0.0
742.5079245567322,DONE,SUPERCAP,2.3,2.238,-0.101,0.2717,0.0
742.788812160492,DONE,SUPERCAP,2.3,2.236,-0.061,0.2717,0.0
743.0684857368469,DONE,SUPERCAP,2.3,2.236,-0.093,0.2717,0.0
743.3583793640137,DONE,SUPERCAP,2.3,2.234,-0.035,0.2717,0.0
743.641517162323,DONE,SUPERCAP,2.3,2.234,-0.039,0.2717,0.0
743.9183344841003,DONE,SUPERCAP,2.3,2.235,-0.05,0.2717,0.0
744.2076704502106,DONE,SUPERCAP,2.3,2.239,-0.097,0.2717,0.0
744.4889104366302,DONE,SUPERCAP,2.3,2.233,-0.042,0.2717,0.0
744.7710709571838,DONE,SUPERCAP,2.3,2.235,-0.039,0.2717,0.0
745.0582358837128,DONE,SUPERCAP,2.3,2.237,-0.061,0.2717,0.0
745.3415031433105,DONE,SUPERCAP,2.3,2.234,0.001,0.2717,0.0
745.6246430873871,DONE,SUPERCAP,2.3,2.235,-0.072,0.2717,0.0
745.908548116684,DONE,SUPERCAP,2.3,2.236,-0.068,0.2717,0.0
746.1857626438141,DONE,SUPERCAP,2.3,2.237,-0.097,0.2717,0.0
746.4733197689056,DONE,SUPERCAP,2.3,2.236,-0.042,0.2717,0.0
746.758309841156,DONE,SUPERCAP,2.3,2.236,-0.053,0.2717,0.0
747.037661075592,DONE,SUPERCAP,2.3,2.238,-0.082,0.2717,0.0
747.3245537281036,DONE,SUPERCAP,2.3,2.236,-0.042,0.2717,0.0
747.6079061031342,DONE,SUPERCAP,2.3,2.233,-0.009,0.2717,0.0
747.8901402950287,DONE,SUPERCAP,2.3,2.238,-0.057,0.2717,0.0
748.1755948066711,DONE,SUPERCAP,2.3,2.233,-0.075,0.2717,0.0
748.4581234455109,DONE,SUPERCAP,2.3,2.233,-0.031,0.2717,0.0
748.7409636974335,DONE,SUPERCAP,2.3,2.237,-0.057,0.2717,0.0
749.0191049575806,DONE,SUPERCAP,2.3,2.233,-0.02,0.2717,0.0
749.30326628685,DONE,SUPERCAP,2.3,2.236,-0.072,0.2717,0.0
749.5886371135712,DONE,SUPERCAP,2.3,2.235,-0.053,0.2717,0.0
749.8760509490967,DONE,SUPERCAP,2.3,2.238,-0.082,0.2717,0.0
750.1580529212952,DONE,SUPERCAP,2.3,2.24,-0.079,0.2717,0.0
750.4404630661011,DONE,SUPERCAP,2.3,2.233,-0.028,0.2717,0.0
750.7234139442444,DONE,SUPERCAP,2.3,2.238,-0.082,0.2717,0.0
751.0097415447235,DONE,SUPERCAP,2.3,2.232,-0.05,0.2717,0.0
751.2924635410309,DONE,SUPERCAP,2.3,2.241,-0.09,0.2717,0.0
751.5757746696472,DONE,SUPERCAP,2.3,2.234,-0.042,0.2717,0.0
751.8579077720642,DONE,SUPERCAP,2.3,2.239,-0.09,0.2717,0.0
752.135960817337,DONE,SUPERCAP,2.3,2.232,-0.035,0.2717,0.0
752.4187617301941,DONE,SUPERCAP,2.3,2.234,-0.064,0.2717,0.0
752.7082824707031,DONE,SUPERCAP,2.3,2.237,-0.09,0.2717,0.0
752.9924392700195,DONE,SUPERCAP,2.3,2.236,-0.064,0.2717,0.0
753.2756872177124,DONE,SUPERCAP,2.3,2.235,-0.05,0.2717,0.0
753.5583758354187,DONE,SUPERCAP,2.3,2.234,-0.061,0.2717,0.0
753.8405616283417,DONE,SUPERCAP,2.3,2.237,-0.082,0.2717,0.0
754.1274440288544,DONE,SUPERCAP,2.3,2.231,-0.046,0.2717,0.0
754.4063458442688,DONE,SUPERCAP,2.3,2.228,0.001,0.2717,0.0
754.6919515132904,DONE,SUPERCAP,2.3,2.23,-0.006,0.2717,0.0
754.9690673351288,DONE,SUPERCAP,2.3,2.229,-0.017,0.2717,0.0
755.255951166153,DONE,SUPERCAP,2.3,2.234,-0.101,0.2717,0.0
755.5391619205475,DONE,SUPERCAP,2.3,2.235,-0.086,0.2717,0.0
755.8259017467499,DONE,SUPERCAP,2.3,2.227,-0.039,0.2717,0.0
756.108757019043,DONE,SUPERCAP,2.3,2.231,-0.031,0.2717,0.0
756.3913297653198,DONE,SUPERCAP,2.3,2.23,-0.064,0.2717,0.0
756.6751821041107,DONE,SUPERCAP,2.3,2.23,-0.035,0.2717,0.0
756.9527699947357,DONE,SUPERCAP,2.3,2.23,-0.039,0.2717,0.0
757.2441992759705,DONE,SUPERCAP,2.3,2.232,-0.057,0.2717,0.0
757.5262598991394,DONE,SUPERCAP,2.3,2.233,-0.086,0.2717,0.0
757.8049557209015,DONE,SUPERCAP,2.3,2.23,-0.061,0.2717,0.0
758.0920920372009,DONE,SUPERCAP,2.3,2.233,-0.064,0.2717,0.0
758.3750591278076,DONE,SUPERCAP,2.3,2.233,-0.053,0.2717,0.0
758.658566236496,DONE,SUPERCAP,2.3,2.234,-0.072,0.2717,0.0
758.9441273212433,DONE,SUPERCAP,2.3,2.232,-0.061,0.2717,0.0
759.2265567779541,DONE,SUPERCAP,2.3,2.231,-0.057,0.2717,0.0
759.5084969997406,DONE,SUPERCAP,2.3,2.23,-0.05,0.2717,0.0
759.7909743785858,DONE,SUPERCAP,2.3,2.229,-0.017,0.2717,0.0
760.0746855735779,DONE,SUPERCAP,2.3,2.23,-0.024,0.2717,0.0
760.3585994243622,DONE,SUPERCAP,2.3,2.228,-0.028,0.2717,0.0
760.6437191963196,DONE,SUPERCAP,2.3,2.229,-0.064,0.2717,0.0
760.9263739585876,DONE,SUPERCAP,2.3,2.232,-0.075,0.2717,0.0
761.2071268558502,DONE,SUPERCAP,2.3,2.236,-0.112,0.2717,0.0
761.4918677806854,DONE,SUPERCAP,2.3,2.231,-0.057,0.2717,0.0
761.7735311985016,DONE,SUPERCAP,2.3,2.232,-0.046,0.2717,0.0
762.0591223239899,DONE,SUPERCAP,2.3,2.227,-0.02,0.2717,0.0
762.3436992168427,DONE,SUPERCAP,2.3,2.231,-0.086,0.2717,0.0
762.6253228187561,DONE,SUPERCAP,2.3,2.231,-0.072,0.2717,0.0
762.9044878482819,DONE,SUPERCAP,2.3,2.23,-0.086,0.2717,0.0
763.1910879611969,DONE,SUPERCAP,2.3,2.227,-0.02,0.2717,0.0
763.4770133495331,DONE,SUPERCAP,2.3,2.228,-0.024,0.2717,0.0
763.7597560882568,DONE,SUPERCAP,2.3,2.232,-0.068,0.2717,0.0
764.0432946681976,DONE,SUPERCAP,2.3,2.231,-0.079,0.2717,0.0
764.3250644207001,DONE,SUPERCAP,2.3,2.232,-0.112,0.2717,0.0
764.6079893112183,DONE,SUPERCAP,2.3,2.229,-0.042,0.2717,0.0
764.8950345516205,DONE,SUPERCAP,2.3,2.229,-0.046,0.2717,0.0
765.1770622730255,DONE,SUPERCAP,2.3,2.234,-0.072,0.2717,0.0
765.4512436389923,DONE,SUPERCAP,2.3,2.231,-0.079,0.2717,0.0
765.7430036067963,DONE,SUPERCAP,2.3,2.232,-0.086,0.2717,0.0
766.026750087738,DONE,SUPERCAP,2.3,2.23,-0.053,0.2717,0.0
766.3078908920288,DONE,SUPERCAP,2.3,2.224,0.02,0.2717,0.0
766.5937049388885,DONE,SUPERCAP,2.3,2.228,-0.042,0.2717,0.0
766.8768789768219,DONE,SUPERCAP,2.3,2.23,-0.072,0.2717,0.0
767.1602580547333,DONE,SUPERCAP,2.3,2.226,-0.013,0.2717,0.0
767.4379425048828,DONE,SUPERCAP,2.3,2.234,-0.082,0.2717,0.0
767.7248735427856,DONE,SUPERCAP,2.3,2.225,-0.039,0.2717,0.0
768.0082488059998,DONE,SUPERCAP,2.3,2.235,-0.104,0.2717,0.0
768.2936260700226,DONE,SUPERCAP,2.3,2.231,-0.086,0.2717,0.0
768.5700209140778,DONE,SUPERCAP,2.3,2.233,-0.104,0.2717,0.0
768.8577964305878,DONE,SUPERCAP,2.3,2.227,-0.046,0.2717,0.0
769.1410758495331,DONE,SUPERCAP,2.3,2.228,-0.031,0.2717,0.0
769.4178869724274,DONE,SUPERCAP,2.3,2.232,-0.115,0.2717,0.0
769.7039222717285,DONE,SUPERCAP,2.3,2.228,-0.061,0.2717,0.0
769.9881956577301,DONE,SUPERCAP,2.3,2.231,-0.072,0.2717,0.0
770.2722811698914,DONE,SUPERCAP,2.3,2.231,-0.064,0.2717,0.0
770.5544571876526,DONE,SUPERCAP,2.3,2.227,-0.039,0.2717,0.0
770.8369996547699,DONE,SUPERCAP,2.3,2.234,-0.119,0.2717,0.0
771.1187171936035,DONE,SUPERCAP,2.3,2.226,-0.035,0.2717,0.0
771.4054319858551,DONE,SUPERCAP,2.3,2.227,-0.046,0.2717,0.0
771.6894683837891,DONE,SUPERCAP,2.3,2.229,-0.064,0.2717,0.0
771.9763150215149,DONE,SUPERCAP,2.3,2.23,-0.079,0.2717,0.0
772.2584331035614,DONE,SUPERCAP,2.3,2.226,-0.039,0.2717,0.0
772.5447998046875,DONE,SUPERCAP,2.3,2.229,-0.075,0.2717,0.0
772.8277363777161,DONE,SUPERCAP,2.3,2.225,-0.024,0.2717,0.0
773.1072108745575,DONE,SUPERCAP,2.3,2.23,-0.086,0.2717,0.0
773.3829834461212,DONE,SUPERCAP,2.3,2.224,-0.031,0.2717,0.0
773.6775035858154,DONE,SUPERCAP,2.3,2.222,0.005,0.2717,0.0
773.9579825401306,DONE,SUPERCAP,2.3,2.226,-0.05,0.2717,0.0
774.2352433204651,DONE,SUPERCAP,2.3,2.227,-0.061,0.2717,0.0
774.5242533683777,DONE,SUPERCAP,2.3,2.229,-0.079,0.2717,0.0
774.8108038902283,DONE,SUPERCAP,2.3,2.228,-0.057,0.2717,0.0
775.0928370952606,DONE,SUPERCAP,2.3,2.225,-0.002,0.2717,0.0
775.3745446205139,DONE,SUPERCAP,2.3,2.225,-0.031,0.2717,0.0
775.6578359603882,DONE,SUPERCAP,2.3,2.225,-0.05,0.2717,0.0
775.9448511600494,DONE,SUPERCAP,2.3,2.228,-0.093,0.2717,0.0
776.2275815010071,DONE,SUPERCAP,2.3,2.227,-0.039,0.2717,0.0
776.5069780349731,DONE,SUPERCAP,2.3,2.227,-0.072,0.2717,0.0
776.7925498485565,DONE,SUPERCAP,2.3,2.23,-0.115,0.2717,0.0
777.0767188072205,DONE,SUPERCAP,2.3,2.225,-0.061,0.2717,0.0
777.3569598197937,DONE,SUPERCAP,2.3,2.223,-0.013,0.2717,0.0
777.6431901454926,DONE,SUPERCAP,2.3,2.234,-0.112,0.2717,0.0
777.9231917858124,DONE,SUPERCAP,2.3,2.234,-0.039,0.2717,0.0
778.209719657898,DONE,SUPERCAP,2.3,2.233,-0.057,0.2717,0.0
778.4925589561462,DONE,SUPERCAP,2.3,2.239,-0.09,0.2717,0.0
778.7749152183533,DONE,SUPERCAP,2.3,2.235,-0.075,0.2717,0.0
779.0615904331207,DONE,SUPERCAP,2.3,2.232,-0.017,0.2717,0.0
